well,method,method_label,target,seed,n,calibration_n,qhat,rmse,mae,r2,corr,coverage,width,width_std,width_cv,winkler,protocol,alpha,target_coverage,local_calibration_frac,local_calibration_strategy,stress_curves,clip_intervals,qhat_lower,qhat_upper,selected_level
0,qrf_cqr,RF-Leaf QRF+CQR,PHIF,42,128,32,0.03823492125983599,0.03465925050878274,0.024123102853142786,0.869576027029758,0.9363044399476831,0.9140625,0.1138343099778431,0.034830177817748935,0.3059725826469044,0.16162935960055258,,,,,,,,,,
1,qrf_cqr,RF-Leaf QRF+CQR,PHIF,42,128,32,0.0,0.0068466212729250495,0.0060669437221181136,0.9766727469857408,0.9885619177038841,1.0,0.04685735503813722,0.014240405590521423,0.30390971873959066,0.04685735503813722,,,,,,,,,,
2,qrf_cqr,RF-Leaf QRF+CQR,PHIF,42,128,32,0.0,0.011397813647848143,0.00903159989411426,0.9655885943718356,0.9925950042103442,1.0,0.06759102632655764,0.03279896540699676,0.48525621209733727,0.06759102632655764,,,,,,,,,,
3,qrf_cqr,RF-Leaf QRF+CQR,PHIF,42,128,32,0.0,0.007682715903203298,0.006402571437529368,0.9845202374293119,0.9951025740950162,0.9921875,0.041153041623473385,0.011757879470745018,0.28571106792841316,0.042840541623473394,,,,,,,,,,
4,qrf_cqr,RF-Leaf QRF+CQR,PHIF,42,128,32,0.0,0.010015702945654301,0.007096382899399437,0.9796902192105231,0.9910568472790552,0.9453125,0.05075127579560314,0.018043437937303855,0.35552678537525667,0.05778252579560314,,,,,,,,,,
5,qrf_cqr,RF-Leaf QRF+CQR,PHIF,42,128,32,0.0,0.011609918103637236,0.009291417232713137,0.9727778187689012,0.9890605377346394,0.9609375,0.0489358332890528,0.020793983728332403,0.42492346263947495,0.056045208289052795,,,,,,,,,,
6,qrf_cqr,RF-Leaf QRF+CQR,PHIF,42,128,32,0.0,0.008898861090037645,0.006893597997115895,0.9869362021302615,0.9952878534124167,0.9921875,0.04459248402237265,0.016126854835571282,0.36164961852047134,0.04717060902237265,,,,,,,,,,
7,qrf_cqr,RF-Leaf QRF+CQR,PHIF,42,128,32,0.0,0.027077221799665544,0.008304617505646802,0.7978103363212382,0.9022448487258758,0.984375,0.051335362450785176,0.021563601752884957,0.420053560030044,0.08913333120078519,,,,,,,,,,
8,qrf_cqr,RF-Leaf QRF+CQR,PHIF,42,128,32,0.0,0.02083311897111585,0.013833293835691129,0.9578671662540845,0.9932533200434788,0.9375,0.06484939643667773,0.03823405811017931,0.5895823278403679,0.07275096467814743,,,,,,,,,,
0,knn_local_cqr,kNN Local RF-CQR,PHIF,42,128,32,0.03880478928807975,0.03465925050878275,0.024123102853142793,0.869576027029758,0.936304439947683,0.8984375,0.10803254088623752,0.05418110788016552,0.5015258128309723,0.14911308850258082,,,,,,,,,,
1,knn_local_cqr,kNN Local RF-CQR,PHIF,42,128,32,0.0005094339040071754,0.006846621272925051,0.006066943722118115,0.9766727469857408,0.9885619177038838,0.9921875,0.031511221135641324,0.00886191349116558,0.2812304052902017,0.03157060628269715,,,,,,,,,,
2,knn_local_cqr,kNN Local RF-CQR,PHIF,42,128,32,0.00039502497084842715,0.011397813647848145,0.009031599894114261,0.9655885943718356,0.992595004210344,0.984375,0.054196947593717154,0.03341441169337678,0.6165367825484397,0.05463109516298464,,,,,,,,,,
3,knn_local_cqr,kNN Local RF-CQR,PHIF,42,128,32,0.0018198473982896442,0.007682715903203301,0.006402571437529369,0.9845202374293119,0.9951025740950163,0.984375,0.03251006791005698,0.011110354474607422,0.3417511924412326,0.03456716643093359,,,,,,,,,,
4,knn_local_cqr,kNN Local RF-CQR,PHIF,42,128,32,0.0016611087126804638,0.010015702945654296,0.0070963828993994334,0.9796902192105232,0.9910568472790554,0.8984375,0.04019486840906776,0.01379094844800792,0.3431022166226759,0.055116843657976616,,,,,,,,,,
5,knn_local_cqr,kNN Local RF-CQR,PHIF,42,128,32,0.0025923041895039383,0.011609918103637247,0.009291417232713144,0.9727778187689011,0.9890605377346392,0.9296875,0.046513139046128145,0.021815113018955345,0.46900969202101794,0.0526491779651814,,,,,,,,,,
6,knn_local_cqr,kNN Local RF-CQR,PHIF,42,128,32,0.00020495086495535747,0.008898861090037642,0.0068935979971158955,0.9869362021302615,0.9952878534124167,0.9296875,0.03522174538354101,0.016490131957489267,0.46818043166012563,0.041467521126140654,,,,,,,,,,
7,knn_local_cqr,kNN Local RF-CQR,PHIF,42,128,32,8.464308123599246e-06,0.027077221799665537,0.008304617505646802,0.7978103363212383,0.9022448487258757,0.9609375,0.03486413429662365,0.0174558863913938,0.5006832019082798,0.07997084370087089,,,,,,,,,,
8,knn_local_cqr,kNN Local RF-CQR,PHIF,42,128,32,0.008157105937848588,0.02083311897111585,0.013833293835691127,0.9578671662540845,0.9932533200434788,0.921875,0.061466930366112754,0.044749711266858776,0.7280290556290684,0.07215097003317354,,,,,,,,,,
0,gr_mondrian_cqr,GR-Mondrian RF-CQR,PHIF,42,128,32,0.036626164747332476,0.03465925050878275,0.02412310285314279,0.869576027029758,0.9363044399476831,0.9296875,0.10459046050645035,0.05633138973753672,0.5385901301587885,0.12716670390689766,,,,,,,,,,
1,gr_mondrian_cqr,GR-Mondrian RF-CQR,PHIF,42,128,32,0.0009600869729365999,0.0068466212729250495,0.0060669437221181136,0.9766727469857408,0.9885619177038842,0.9921875,0.03241252727350018,0.008640564347509842,0.2665810127855779,0.032471912420556,,,,,,,,,,
2,gr_mondrian_cqr,GR-Mondrian RF-CQR,PHIF,42,128,32,0.000698890333039525,0.011397813647848146,0.00903159989411426,0.9655885943718356,0.9925950042103442,0.9921875,0.05480467831809935,0.033592072680575666,0.6129416997140155,0.05523518635205635,,,,,,,,,,
3,gr_mondrian_cqr,GR-Mondrian RF-CQR,PHIF,42,128,32,0.002666672277465272,0.007682715903203294,0.006402571437529363,0.9845202374293119,0.9951025740950161,0.984375,0.03420371766840824,0.010221796485872597,0.29885045201720306,0.03715265231267344,,,,,,,,,,
4,gr_mondrian_cqr,GR-Mondrian RF-CQR,PHIF,42,128,32,0.0016988611834232016,0.010015702945654303,0.0070963828993994334,0.9796902192105231,0.9910568472790554,0.8984375,0.04027037335055324,0.01354764190219557,0.3364170921452222,0.0567024474291716,,,,,,,,,,
5,gr_mondrian_cqr,GR-Mondrian RF-CQR,PHIF,42,128,32,0.004481055871825913,0.011609918103637243,0.00929141723271314,0.9727778187689011,0.9890605377346394,0.9375,0.05029064241077209,0.026200996134992556,0.5209914783148681,0.059751727505119444,,,,,,,,,,
6,gr_mondrian_cqr,GR-Mondrian RF-CQR,PHIF,42,128,32,0.06034410628802812,0.008898861090037655,0.006893597997115906,0.9869362021302615,0.9952878534124167,0.9296875,0.15137392137754513,0.17534717288973936,1.1583710806592769,0.1589860362198472,,,,,,,,,,
7,gr_mondrian_cqr,GR-Mondrian RF-CQR,PHIF,42,128,32,1.3401821195698806e-05,0.02707722179966554,0.008304617505646806,0.7978103363212383,0.9022448487258757,0.9609375,0.034874009322767845,0.017449727816245802,0.5003648320083912,0.07995250436660309,,,,,,,,,,
8,gr_mondrian_cqr,GR-Mondrian RF-CQR,PHIF,42,128,32,0.017782266080231587,0.020833118971115862,0.013833293835691134,0.9578671662540844,0.9932533200434784,0.953125,0.07992564386191292,0.04487943396762043,0.5615148255190584,0.08635424248167178,,,,,,,,,,
0,global_rf_cqr,Global RF-CQR,PHIF,42,128,32,0.04077347826086957,0.03465925050878275,0.02412310285314279,0.869576027029758,0.936304439947683,0.9140625,0.10954445640148362,0.03237083719224026,0.29550411089357365,0.1578050346517592,LOWO_LOCAL_CAL,0.1,0.9,0.2,stratified,none,True,,,cqr_signed
1,global_rf_cqr,Global RF-CQR,PHIF,42,128,32,-0.0018525281671041838,0.006846621272925047,0.0060669437221181136,0.9766727469857408,0.988561917703884,0.9375,0.026787296993418606,0.008470199311459183,0.31620209062303795,0.027872048836907158,LOWO_LOCAL_CAL,0.1,0.9,0.2,stratified,none,True,,,cqr_signed
2,global_rf_cqr,Global RF-CQR,PHIF,42,128,32,-0.002028904143800192,0.011397813647848141,0.009031599894114258,0.9655885943718356,0.9925950042103442,0.921875,0.04934908936441991,0.03386019423896581,0.6861361511440289,0.0518882610849295,LOWO_LOCAL_CAL,0.1,0.9,0.2,stratified,none,True,,,cqr_signed
3,global_rf_cqr,Global RF-CQR,PHIF,42,128,32,0.00024109427821150664,0.0076827159032033,0.006402571437529366,0.9845202374293119,0.9951025740950159,0.96875,0.029352561669900704,0.008929276880628393,0.30420775471139994,0.03325520541249013,LOWO_LOCAL_CAL,0.1,0.9,0.2,stratified,none,True,,,cqr_signed
4,global_rf_cqr,Global RF-CQR,PHIF,42,128,32,-0.0019449583333333298,0.0100157029456543,0.0070963828993994334,0.9796902192105231,0.9910568472790554,0.859375,0.03298273431704017,0.013335424586842873,0.4043153141476591,0.057039165570145246,LOWO_LOCAL_CAL,0.1,0.9,0.2,stratified,none,True,,,cqr_signed
5,global_rf_cqr,Global RF-CQR,PHIF,42,128,32,0.004956516493250851,0.011609918103637243,0.00929141723271314,0.9727778187689011,0.9890605377346392,0.9453125,0.051241563653621966,0.023665276938209866,0.4618375250642279,0.0575426893134706,LOWO_LOCAL_CAL,0.1,0.9,0.2,stratified,none,True,,,cqr_signed
6,global_rf_cqr,Global RF-CQR,PHIF,42,128,32,-0.0009877997375332542,0.008898861090037638,0.006893597997115895,0.9869362021302615,0.9952878534124168,0.9140625,0.03283624417856378,0.01643661612299862,0.5005632201300537,0.04196200782384271,LOWO_LOCAL_CAL,0.1,0.9,0.2,stratified,none,True,,,cqr_signed
7,global_rf_cqr,Global RF-CQR,PHIF,42,128,32,-0.0015565897435897424,0.027077221799665534,0.008304617505646802,0.7978103363212384,0.9022448487258758,0.90625,0.03173402619319697,0.01745356035638823,0.5499951455932769,0.07900602085961951,LOWO_LOCAL_CAL,0.1,0.9,0.2,stratified,none,True,,,cqr_signed
8,global_rf_cqr,Global RF-CQR,PHIF,42,128,32,0.016410379779013273,0.020833118971115845,0.013833293835691127,0.9578671662540845,0.9932533200434789,0.96875,0.07704029155310083,0.03104664997646171,0.40299237386793224,0.08511146490080322,LOWO_LOCAL_CAL,0.1,0.9,0.2,stratified,none,True,,,cqr_signed
0,wl_pcqr,WL-PCQR,PHIF,42,128,32,0.038419542533362216,0.03921806637509946,0.026045664727787764,0.833009622739535,0.9137533840438903,0.8203125,0.09729805248787846,0.0544069328112407,0.5591780248429823,0.1910714760739442,LOWO_LOCAL_CAL,0.1,0.9,0.2,stratified,none,True,,,location-scale
1,wl_pcqr,WL-PCQR,PHIF,42,128,32,-0.0018525281671041838,0.006846621272925048,0.006066943722118112,0.9766727469857408,0.988561917703884,0.9375,0.026787296993418606,0.008470199311459183,0.31620209062303795,0.027872048836907158,LOWO_LOCAL_CAL,0.1,0.9,0.2,stratified,none,True,,,uniform
2,wl_pcqr,WL-PCQR,PHIF,42,128,32,-0.007447661121944192,0.006239201794695728,0.004668117281079863,0.9896886061973292,0.9953806578966787,0.9140625,0.03851157540813191,0.029665144315712086,0.7702916331344924,0.04465128940312903,LOWO_LOCAL_CAL,0.1,0.9,0.2,stratified,none,True,,,location-scale
3,wl_pcqr,WL-PCQR,PHIF,42,128,32,-0.0021513899229457885,0.008018758642365374,0.004894951241877018,0.9831364489739999,0.992134999242393,0.921875,0.024567593267586115,0.014823929335303332,0.6033936321659014,0.029443781281193456,LOWO_LOCAL_CAL,0.1,0.9,0.2,stratified,none,True,,,location-scale
4,wl_pcqr,WL-PCQR,PHIF,42,128,32,-0.002883409549837292,0.010977358918919194,0.007644651331427544,0.9756029063257999,0.9890653375205879,0.8203125,0.031105831884032254,0.013793220304906912,0.44342875497849876,0.06159671686448353,LOWO_LOCAL_CAL,0.1,0.9,0.2,stratified,none,True,,,location-scale
5,wl_pcqr,WL-PCQR,PHIF,42,128,32,0.006118320605721506,0.011609918103637243,0.009291417232713142,0.9727778187689011,0.9890605377346394,0.9765625,0.05356517187856327,0.020013527676402163,0.3736294867451281,0.05813624033424947,LOWO_LOCAL_CAL,0.1,0.9,0.2,stratified,none,True,,,scale
6,wl_pcqr,WL-PCQR,PHIF,42,128,32,-0.0009877997375332542,0.008898861090037645,0.006893597997115895,0.9869362021302615,0.9952878534124164,0.9140625,0.03283624417856378,0.01643661612299862,0.5005632201300537,0.04196200782384271,LOWO_LOCAL_CAL,0.1,0.9,0.2,stratified,none,True,,,uniform
7,wl_pcqr,WL-PCQR,PHIF,42,128,32,-0.0015565897435897424,0.027077221799665537,0.008304617505646804,0.7978103363212383,0.9022448487258758,0.90625,0.03173402619319697,0.01745356035638823,0.5499951455932769,0.07900602085961951,LOWO_LOCAL_CAL,0.1,0.9,0.2,stratified,none,True,,,uniform
8,wl_pcqr,WL-PCQR,PHIF,42,128,32,0.003837446512840263,0.009751929766156247,0.005917440904152162,0.9907680549398288,0.995792404692078,0.984375,0.052067140697001954,0.03260209947271378,0.6261549805939511,0.053300284495533964,LOWO_LOCAL_CAL,0.1,0.9,0.2,stratified,none,True,,,location-scale
0,qrf_cqr,RF-Leaf QRF+CQR,PHIF,7,128,32,0.04497592125983599,0.03488220849339796,0.024547344675185427,0.8678926324692604,0.9356026331211679,0.9375,0.12598669402065818,0.039333565680960754,0.31220412589373275,0.16295725422407586,,,,,,,,,,
1,qrf_cqr,RF-Leaf QRF+CQR,PHIF,7,128,32,0.0,0.006812548037036761,0.005897600919508816,0.9769043523733607,0.9886733853255347,1.0,0.044970790164336805,0.012440059212947234,0.2766253198462271,0.044970790164336805,,,,,,,,,,
2,qrf_cqr,RF-Leaf QRF+CQR,PHIF,7,128,32,0.0,0.011829271078073524,0.009894032763756212,0.9629340379205135,0.9916163245048758,1.0,0.07700411351705935,0.030171142457086905,0.3918120874205356,0.07700411351705935,,,,,,,,,,
3,qrf_cqr,RF-Leaf QRF+CQR,PHIF,7,128,32,0.0,0.007736863235875147,0.006432780552609258,0.9843012675718562,0.9948085963707832,0.9921875,0.04120172750355977,0.011991476051054176,0.2910430406108125,0.043264227503559766,,,,,,,,,,
4,qrf_cqr,RF-Leaf QRF+CQR,PHIF,7,128,32,0.0,0.009751357338916767,0.006762096485377839,0.9807481482759018,0.9912939855565018,0.9453125,0.04788771448490704,0.016490592028220907,0.3443595545454213,0.05832943323490704,,,,,,,,,,
5,qrf_cqr,RF-Leaf QRF+CQR,PHIF,7,128,32,0.0,0.012505288189383163,0.009985019638707758,0.9684170990824958,0.9886081050935056,0.953125,0.049514065227192455,0.02148511154664422,0.4339193610555105,0.05615469022719245,,,,,,,,,,
6,qrf_cqr,RF-Leaf QRF+CQR,PHIF,7,128,32,0.0,0.008961165443544939,0.006932476290032758,0.9867526323911154,0.9953940172898378,0.9921875,0.04782028897644203,0.016442789583878147,0.34384546676366695,0.04863278897644203,,,,,,,,,,
7,qrf_cqr,RF-Leaf QRF+CQR,PHIF,7,128,32,0.0,0.027629389897279706,0.00835263481286953,0.7894800127060762,0.8981689170103111,0.984375,0.0497736532316905,0.020129648704331288,0.4044237743737664,0.09425160885833081,,,,,,,,,,
8,qrf_cqr,RF-Leaf QRF+CQR,PHIF,7,128,32,0.0,0.020906688597710634,0.013193470487890272,0.957569066871881,0.9921743610253767,0.9453125,0.06369264625942934,0.036453495459081706,0.5723344467523198,0.07147026518987555,,,,,,,,,,
0,knn_local_cqr,kNN Local RF-CQR,PHIF,7,128,32,0.04007249217057403,0.03488220849339796,0.024547344675185427,0.8678926324692604,0.9356026331211678,0.90625,0.11250542441493523,0.05439064866510231,0.4834491221019019,0.15245319668706014,,,,,,,,,,
1,knn_local_cqr,kNN Local RF-CQR,PHIF,7,128,32,0.0,0.006812548037036761,0.005897600919508817,0.9769043523733607,0.9886733853255347,1.0,0.031222984420908213,0.009241005218306857,0.29596803091374874,0.031222984420908213,,,,,,,,,,
2,knn_local_cqr,kNN Local RF-CQR,PHIF,7,128,32,0.00040628379818741873,0.011829271078073524,0.009894032763756212,0.9629340379205135,0.9916163245048756,0.984375,0.06589164544488396,0.033046825190676005,0.5015328569737799,0.06614175746885134,,,,,,,,,,
3,knn_local_cqr,kNN Local RF-CQR,PHIF,7,128,32,0.0015250248022633192,0.007736863235875146,0.006432780552609256,0.9843012675718562,0.9948085963707832,0.96875,0.03013256219632596,0.00980445100506873,0.32537727595777366,0.03348448518834647,,,,,,,,,,
4,knn_local_cqr,kNN Local RF-CQR,PHIF,7,128,32,0.0018155571297725224,0.009751357338916775,0.006762096485377844,0.9807481482759017,0.991293985556502,0.90625,0.0404012946980844,0.013601766281751259,0.3366665940632882,0.057009061240192935,,,,,,,,,,
5,knn_local_cqr,kNN Local RF-CQR,PHIF,7,128,32,0.0019227581477809731,0.012505288189383158,0.009985019638707755,0.9684170990824958,0.9886081050935055,0.921875,0.05080681343135745,0.02517141186765997,0.49543378471605604,0.05723853193138503,,,,,,,,,,
6,knn_local_cqr,kNN Local RF-CQR,PHIF,7,128,32,0.00027368794642857196,0.008961165443544954,0.006932476290032775,0.9867526323911154,0.9953940172898379,0.9296875,0.037631812102240605,0.01730849172035223,0.45994308414719365,0.04237770845571573,,,,,,,,,,
7,knn_local_cqr,kNN Local RF-CQR,PHIF,7,128,32,0.0009997921222055042,0.027629389897279717,0.008352634812869533,0.7894800127060759,0.8981689170103109,0.9765625,0.035931541647558456,0.016954581842812073,0.4718579015928234,0.08194633522855277,,,,,,,,,,
8,knn_local_cqr,kNN Local RF-CQR,PHIF,7,128,32,0.010037016566254869,0.020906688597710627,0.013193470487890272,0.957569066871881,0.9921743610253768,0.9453125,0.06305079166650174,0.04672797874767662,0.7411164477495804,0.07175862761574794,,,,,,,,,,
0,gr_mondrian_cqr,GR-Mondrian RF-CQR,PHIF,7,128,32,0.04167591560868362,0.03488220849339797,0.024547344675185434,0.8678926324692604,0.9356026331211678,0.9765625,0.11579434743723993,0.05679611046077839,0.4904912175575898,0.13719805931450968,,,,,,,,,,
1,gr_mondrian_cqr,GR-Mondrian RF-CQR,PHIF,7,128,32,0.0,0.0068125480370367615,0.005897600919508817,0.9769043523733607,0.9886733853255345,1.0,0.031222984420908213,0.009241005218306857,0.29596803091374874,0.031222984420908213,,,,,,,,,,
2,gr_mondrian_cqr,GR-Mondrian RF-CQR,PHIF,7,128,32,0.0007188097967931255,0.011829271078073527,0.009894032763756215,0.9629340379205134,0.9916163245048758,0.9765625,0.06651669744209537,0.033041252600902245,0.4967362161909131,0.06697680128153895,,,,,,,,,,
3,gr_mondrian_cqr,GR-Mondrian RF-CQR,PHIF,7,128,32,0.0026480969617473527,0.0077368632358751485,0.00643278055260926,0.9843012675718562,0.9948085963707832,0.984375,0.03237870651529403,0.008194624118634902,0.25308682775095365,0.03560869325729103,,,,,,,,,,
4,gr_mondrian_cqr,GR-Mondrian RF-CQR,PHIF,7,128,32,0.001856819791812807,0.009751357338916772,0.006762096485377841,0.9807481482759018,0.9912939855565018,0.90625,0.04048382002216496,0.013546693102933905,0.3346199320004156,0.05874209304588489,,,,,,,,,,
5,gr_mondrian_cqr,GR-Mondrian RF-CQR,PHIF,7,128,32,0.0042296886394086256,0.012505288189383165,0.00998501963870776,0.9684170990824958,0.9886081050935056,0.9375,0.05542067441461275,0.02994210178015418,0.5402695311167011,0.06491616313738563,,,,,,,,,,
6,gr_mondrian_cqr,GR-Mondrian RF-CQR,PHIF,7,128,32,0.06496852911184212,0.008961165443544958,0.006932476290032779,0.9867526323911154,0.9953940172898378,0.921875,0.1603174627879541,0.1856305899298678,1.1578937609273072,0.16709241121573057,,,,,,,,,,
7,gr_mondrian_cqr,GR-Mondrian RF-CQR,PHIF,7,128,32,0.0004727753752021217,0.02762938989727971,0.008352634812869528,0.7894800127060762,0.8981689170103112,0.96875,0.03487750815355169,0.01685558828222493,0.4832796026601594,0.08102560604642725,,,,,,,,,,
8,gr_mondrian_cqr,GR-Mondrian RF-CQR,PHIF,7,128,32,0.020395883609861824,0.020906688597710624,0.013193470487890272,0.957569066871881,0.9921743610253769,0.9609375,0.08305823604944301,0.046473325732293354,0.5595270010866671,0.0890395850974599,,,,,,,,,,
0,global_rf_cqr,Global RF-CQR,PHIF,7,128,32,0.04779475949513018,0.03488220849339796,0.02454734467518543,0.8678926324692604,0.9356026331211679,0.9375,0.12363682163418241,0.039385707557861714,0.31855968988265043,0.16142844012086577,LOWO_LOCAL_CAL,0.1,0.9,0.2,stratified,none,True,,,cqr_signed
1,global_rf_cqr,Global RF-CQR,PHIF,7,128,32,-0.0017534402277827321,0.0068125480370367615,0.005897600919508816,0.9769043523733607,0.9886733853255345,0.9765625,0.02771610396534275,0.009241005218306857,0.3334164581667811,0.028129368890701896,LOWO_LOCAL_CAL,0.1,0.9,0.2,stratified,none,True,,,cqr_signed
2,global_rf_cqr,Global RF-CQR,PHIF,7,128,32,-0.002557080314957244,0.01182927107807353,0.009894032763756215,0.9629340379205134,0.9916163245048758,0.9140625,0.05996491721859464,0.03358390411520411,0.5600592091668894,0.06289732338026804,LOWO_LOCAL_CAL,0.1,0.9,0.2,stratified,none,True,,,cqr_signed
3,global_rf_cqr,Global RF-CQR,PHIF,7,128,32,0.0023938276957911897,0.007736863235875149,0.006432780552609259,0.9843012675718562,0.9948085963707832,0.984375,0.03187016798338171,0.008175313047672097,0.25651929578579596,0.035439142322520774,LOWO_LOCAL_CAL,0.1,0.9,0.2,stratified,none,True,,,cqr_signed
4,global_rf_cqr,Global RF-CQR,PHIF,7,128,32,-0.004556868419572452,0.00975135733891677,0.006762096485377841,0.9807481482759018,0.991293985556502,0.7734375,0.027656443599394447,0.013428016800452063,0.4855294120588259,0.0629433407656448,LOWO_LOCAL_CAL,0.1,0.9,0.2,stratified,none,True,,,cqr_signed
5,global_rf_cqr,Global RF-CQR,PHIF,7,128,32,0.004598193022747027,0.01250528818938317,0.009985019638707765,0.9684170990824957,0.9886081050935056,0.9375,0.05615768318128957,0.0273923052076627,0.48777484497061974,0.06289165696594089,LOWO_LOCAL_CAL,0.1,0.9,0.2,stratified,none,True,,,cqr_signed
6,global_rf_cqr,Global RF-CQR,PHIF,7,128,32,-0.001791023809523784,0.008961165443544947,0.0069324762900327686,0.9867526323911154,0.9953940172898375,0.875,0.033502388590335885,0.017329956235407958,0.5172752440823567,0.04408732266265237,LOWO_LOCAL_CAL,0.1,0.9,0.2,stratified,none,True,,,cqr_signed
7,global_rf_cqr,Global RF-CQR,PHIF,7,128,32,-0.001386781179580382,0.027629389897279713,0.008352634812869532,0.789480012706076,0.8981689170103111,0.921875,0.03115839504398668,0.016793911986116298,0.5389851422837451,0.07972079253724776,LOWO_LOCAL_CAL,0.1,0.9,0.2,stratified,none,True,,,cqr_signed
8,global_rf_cqr,Global RF-CQR,PHIF,7,128,32,0.02154649238845119,0.02090668859771063,0.013193470487890272,0.957569066871881,0.9921743610253768,0.9765625,0.08499422963649932,0.029879134562415678,0.35154309522189725,0.0910162038759721,LOWO_LOCAL_CAL,0.1,0.9,0.2,stratified,none,True,,,cqr_signed
0,wl_pcqr,WL-PCQR,PHIF,7,128,32,0.029609329460479623,0.038126577188160475,0.025284127767959925,0.8421753888630685,0.9183081585959529,0.734375,0.08592322996293991,0.049850868048469374,0.5801791677288071,0.20558600125628174,LOWO_LOCAL_CAL,0.1,0.9,0.2,stratified,none,True,,,location-scale
1,wl_pcqr,WL-PCQR,PHIF,7,128,32,-0.0017534402277827321,0.006812548037036761,0.005897600919508814,0.9769043523733607,0.9886733853255345,0.9765625,0.02771610396534275,0.009241005218306857,0.3334164581667811,0.028129368890701896,LOWO_LOCAL_CAL,0.1,0.9,0.2,stratified,none,True,,,uniform
2,wl_pcqr,WL-PCQR,PHIF,7,128,32,-0.007501708739961413,0.006759895785786789,0.005286655017667851,0.9878957102788076,0.994701222317593,0.9140625,0.04952003206726737,0.030563969212808472,0.6172041482382478,0.05430911750552468,LOWO_LOCAL_CAL,0.1,0.9,0.2,stratified,none,True,,,location-scale
3,wl_pcqr,WL-PCQR,PHIF,7,128,32,-0.0010983119224678177,0.008076977650507054,0.004821647702590274,0.9828906894270093,0.9920052673624173,0.9140625,0.024885888746863687,0.015596471826974963,0.6267195029930587,0.03078505189834539,LOWO_LOCAL_CAL,0.1,0.9,0.2,stratified,none,True,,,location-scale
4,wl_pcqr,WL-PCQR,PHIF,7,128,32,-0.004556868419572452,0.009751357338916768,0.006762096485377837,0.9807481482759018,0.9912939855565018,0.7734375,0.027656443599394447,0.013428016800452063,0.4855294120588259,0.0629433407656448,LOWO_LOCAL_CAL,0.1,0.9,0.2,stratified,none,True,,,uniform
5,wl_pcqr,WL-PCQR,PHIF,7,128,32,-0.00136396743818885,0.009929171005151099,0.007180255923300597,0.9800891138406168,0.9904827086406729,0.90625,0.0442141474252981,0.016334539179241665,0.3694414600403558,0.05652694320914889,LOWO_LOCAL_CAL,0.1,0.9,0.2,stratified,none,True,,,location-scale
6,wl_pcqr,WL-PCQR,PHIF,7,128,32,-0.001791023809523784,0.008961165443544961,0.0069324762900327816,0.9867526323911153,0.9953940172898383,0.875,0.033502388590335885,0.017329956235407958,0.5172752440823567,0.04408732266265237,LOWO_LOCAL_CAL,0.1,0.9,0.2,stratified,none,True,,,uniform
7,wl_pcqr,WL-PCQR,PHIF,7,128,32,0.0001131511609945594,0.026694940422799646,0.00661919254328378,0.8034791396064939,0.9016130055698537,0.9609375,0.03416382490618895,0.01778295162241391,0.5205199263034637,0.07978721248371942,LOWO_LOCAL_CAL,0.1,0.9,0.2,stratified,none,True,,,location-scale
8,wl_pcqr,WL-PCQR,PHIF,7,128,32,0.0034264716908598662,0.010418652001704314,0.006299196301335866,0.9894625592404425,0.9948846009280432,0.984375,0.04927797386186962,0.03698991537969693,0.7506379114405725,0.05151510933958688,LOWO_LOCAL_CAL,0.1,0.9,0.2,stratified,none,True,,,location-scale
0,qrf_cqr,RF-Leaf QRF+CQR,PHIF,123,128,32,0.04497592125983599,0.034818095887970024,0.024289573141013314,0.8683778061038802,0.9355891800041295,0.9375,0.12597282025097323,0.03923968986155353,0.31149330294723143,0.16403382295767233,,,,,,,,,,
1,qrf_cqr,RF-Leaf QRF+CQR,PHIF,123,128,32,0.0,0.007018407230973573,0.006155026313745525,0.9754874711851559,0.9880372749741843,1.0,0.046994564929868685,0.014465386362950883,0.3078097729926426,0.046994564929868685,,,,,,,,,,
2,qrf_cqr,RF-Leaf QRF+CQR,PHIF,123,128,32,0.0,0.01200886027065453,0.009535655578446019,0.961800041417928,0.9917756880391977,1.0,0.07371883031469767,0.030483997590601105,0.4135171090000782,0.07371883031469767,,,,,,,,,,
3,qrf_cqr,RF-Leaf QRF+CQR,PHIF,123,128,32,0.0,0.007675543618716857,0.006404831238142257,0.9845491265455846,0.995062051198385,0.9921875,0.04307258378892704,0.01326853196330298,0.308050523003777,0.04476008378892704,,,,,,,,,,
4,qrf_cqr,RF-Leaf QRF+CQR,PHIF,123,128,32,0.0,0.00967198682205244,0.00678316374067151,0.9810602711368981,0.9914405349913569,0.953125,0.049270248052001045,0.016304773058607773,0.330925329245335,0.05562368555200105,,,,,,,,,,
5,qrf_cqr,RF-Leaf QRF+CQR,PHIF,123,128,32,0.0,0.011631238551539073,0.009270504848728277,0.9726777453653419,0.9895334836762997,0.9609375,0.04871099017797971,0.020454408155932528,0.4199136186966519,0.05532036517797972,,,,,,,,,,
6,qrf_cqr,RF-Leaf QRF+CQR,PHIF,123,128,32,0.0,0.009030412165848108,0.006885203268482668,0.986547105304962,0.9951070349578387,0.9921875,0.0460079122540004,0.015039600245430404,0.3268916042614541,0.0488457247540004,,,,,,,,,,
7,qrf_cqr,RF-Leaf QRF+CQR,PHIF,123,128,32,0.0,0.027453270962247603,0.00810209283723276,0.7921553078858322,0.898851945835113,0.984375,0.05098577647553819,0.02160147229240899,0.42367644048282527,0.09459515147553818,,,,,,,,,,
8,qrf_cqr,RF-Leaf QRF+CQR,PHIF,123,128,32,0.0,0.020716385976860485,0.013519265607942704,0.9583380043132586,0.9928045295018674,0.9375,0.061555810902126334,0.03504174658612407,0.5692678899452792,0.0689927929395282,,,,,,,,,,
0,knn_local_cqr,kNN Local RF-CQR,PHIF,123,128,32,0.038539064309947524,0.03481809588797002,0.024289573141013314,0.8683778061038803,0.9355891800041299,0.8984375,0.11011398732959712,0.060522152945574566,0.5496318352764531,0.15233792089259268,,,,,,,,,,
1,knn_local_cqr,kNN Local RF-CQR,PHIF,123,128,32,0.0,0.007018407230973571,0.006155026313745524,0.9754874711851559,0.9880372749741844,0.984375,0.03146875890030502,0.01001747527807555,0.31833080261638325,0.03151270719108727,,,,,,,,,,
2,knn_local_cqr,kNN Local RF-CQR,PHIF,123,128,32,0.00047610334211444026,0.01200886027065453,0.00953565557844602,0.961800041417928,0.9917756880391976,0.9921875,0.06358845546407388,0.033275103986844204,0.523288445111612,0.06367756204889533,,,,,,,,,,
3,knn_local_cqr,kNN Local RF-CQR,PHIF,123,128,32,0.0016456207653006822,0.007675543618716854,0.006404831238142255,0.9845491265455847,0.9950620511983851,0.96875,0.032392956381703336,0.011646725395328333,0.3595449966989369,0.033930525176287786,,,,,,,,,,
4,knn_local_cqr,kNN Local RF-CQR,PHIF,123,128,32,0.0009700134565288898,0.009671986822052442,0.0067831637406715155,0.9810602711368981,0.9914405349913565,0.9140625,0.03938160743930738,0.014012577354012694,0.35581527177650263,0.054255982600012395,,,,,,,,,,
5,knn_local_cqr,kNN Local RF-CQR,PHIF,123,128,32,0.002638703471030084,0.011631238551539086,0.009270504848728288,0.9726777453653418,0.9895334836762997,0.921875,0.047024420278057394,0.02271544525652541,0.4830563592747772,0.053632256968371914,,,,,,,,,,
6,knn_local_cqr,kNN Local RF-CQR,PHIF,123,128,32,0.00031059322265624995,0.009030412165848113,0.00688520326848267,0.986547105304962,0.9951070349578386,0.953125,0.036544787074960214,0.014025823884180163,0.38379821054670715,0.040164377572067464,,,,,,,,,,
7,knn_local_cqr,kNN Local RF-CQR,PHIF,123,128,32,0.0002821371217105249,0.0274532709622476,0.008102092837232759,0.7921553078858322,0.8988519458351132,0.96875,0.03621313595100977,0.017657239105490455,0.48759210274906056,0.08483247671261891,,,,,,,,,,
8,knn_local_cqr,kNN Local RF-CQR,PHIF,123,128,32,0.009693175209954441,0.020716385976860496,0.013519265607942706,0.9583380043132586,0.9928045295018675,0.921875,0.06178707635260155,0.04501212808939978,0.7285039323195706,0.06942251953502668,,,,,,,,,,
0,gr_mondrian_cqr,GR-Mondrian RF-CQR,PHIF,123,128,32,0.04068166962111503,0.034818095887970024,0.024289573141013314,0.8683778061038802,0.9355891800041297,0.921875,0.11398587292304521,0.06664657886798561,0.5846915688664369,0.13454480841658345,,,,,,,,,,
1,gr_mondrian_cqr,GR-Mondrian RF-CQR,PHIF,123,128,32,0.0,0.007018407230973571,0.006155026313745525,0.9754874711851559,0.9880372749741844,0.984375,0.03146875890030502,0.01001747527807555,0.31833080261638325,0.03151270719108727,,,,,,,,,,
2,gr_mondrian_cqr,GR-Mondrian RF-CQR,PHIF,123,128,32,0.0008423366822024712,0.01200886027065453,0.00953565557844602,0.961800041417928,0.9917756880391976,0.9921875,0.06432092214424995,0.033267426829505724,0.5172100417792239,0.0644100287290714,,,,,,,,,,
3,gr_mondrian_cqr,GR-Mondrian RF-CQR,PHIF,123,128,32,0.002320199081428365,0.007675543618716851,0.006404831238142253,0.9845491265455847,0.9950620511983849,0.984375,0.0337421130139587,0.01033463009166016,0.3062828367442445,0.03586286341269254,,,,,,,,,,
4,gr_mondrian_cqr,GR-Mondrian RF-CQR,PHIF,123,128,32,0.0009920592169045464,0.009671986822052442,0.006783163740671512,0.9810602711368981,0.9914405349913566,0.9140625,0.039425698960058694,0.013861494290847575,0.3515852516626363,0.05518190453578997,,,,,,,,,,
5,gr_mondrian_cqr,GR-Mondrian RF-CQR,PHIF,123,128,32,0.00499694041712271,0.011631238551539086,0.00927050484872829,0.9726777453653418,0.9895334836762997,0.9453125,0.05174089417024264,0.026543442002782403,0.5130070213987167,0.058355933665820967,,,,,,,,,,
6,gr_mondrian_cqr,GR-Mondrian RF-CQR,PHIF,123,128,32,0.06066967617794865,0.009030412165848113,0.006885203268482673,0.986547105304962,0.9951070349578386,0.9453125,0.15289615218752567,0.17623809202712867,1.1526653189478198,0.15879746266714326,,,,,,,,,,
7,gr_mondrian_cqr,GR-Mondrian RF-CQR,PHIF,123,128,32,0.0002487678906250004,0.0274532709622476,0.008102092837232757,0.7921553078858322,0.8988519458351132,0.96875,0.03614639748883872,0.017626684131305866,0.4876470507676077,0.08475391843136892,,,,,,,,,,
8,gr_mondrian_cqr,GR-Mondrian RF-CQR,PHIF,123,128,32,0.0194016463904905,0.020716385976860492,0.013519265607942704,0.9583380043132586,0.9928045295018675,0.953125,0.08051928893752802,0.04462704161071282,0.5542403838828894,0.08498608510720129,,,,,,,,,,
0,global_rf_cqr,Global RF-CQR,PHIF,123,128,32,0.04971779330952547,0.03481809588797002,0.024289573141013307,0.8683778061038803,0.9355891800041297,0.953125,0.12717843666919615,0.03959803318521804,0.3113580747042558,0.16297655128946303,LOWO_LOCAL_CAL,0.1,0.9,0.2,stratified,none,True,,,cqr_signed
1,global_rf_cqr,Global RF-CQR,PHIF,123,128,32,-0.0019772313648268036,0.007018407230973571,0.0061550263137455236,0.9754874711851559,0.9880372749741844,0.953125,0.02751429617065141,0.01001747527807555,0.36408255606265005,0.02909879246685933,LOWO_LOCAL_CAL,0.1,0.9,0.2,stratified,none,True,,,cqr_signed
2,global_rf_cqr,Global RF-CQR,PHIF,123,128,32,-0.0027502440476190326,0.012008860270654533,0.00953565557844602,0.961800041417928,0.9917756880391977,0.9375,0.05713576068460695,0.03388026124165698,0.5929782125187444,0.05976661794757375,LOWO_LOCAL_CAL,0.1,0.9,0.2,stratified,none,True,,,cqr_signed
3,global_rf_cqr,Global RF-CQR,PHIF,123,128,32,-0.00014890984848485445,0.0076755436187168485,0.006404831238142249,0.9845491265455847,0.995062051198385,0.953125,0.028803895154132265,0.009283342971005956,0.32229470775844526,0.03200857168273568,LOWO_LOCAL_CAL,0.1,0.9,0.2,stratified,none,True,,,cqr_signed
4,global_rf_cqr,Global RF-CQR,PHIF,123,128,32,-0.0045575477375565665,0.009671986822052444,0.00678316374067151,0.9810602711368981,0.9914405349913563,0.8046875,0.02832648505113646,0.01425071505275393,0.5030880120504817,0.05848079100643053,LOWO_LOCAL_CAL,0.1,0.9,0.2,stratified,none,True,,,cqr_signed
5,global_rf_cqr,Global RF-CQR,PHIF,123,128,32,0.004997399817465997,0.011631238551539089,0.009270504848728291,0.9726777453653418,0.9895334836762997,0.9453125,0.05174181297092922,0.024829805102599252,0.47987891565666063,0.05799483883183026,LOWO_LOCAL_CAL,0.1,0.9,0.2,stratified,none,True,,,cqr_signed
6,global_rf_cqr,Global RF-CQR,PHIF,123,128,32,-0.004250167698990753,0.009030412165848113,0.006885203268482671,0.986547105304962,0.9951070349578387,0.8515625,0.027423265231666213,0.014047896856499995,0.5122620059218403,0.04181430831584247,LOWO_LOCAL_CAL,0.1,0.9,0.2,stratified,none,True,,,cqr_signed
7,global_rf_cqr,Global RF-CQR,PHIF,123,128,32,-0.002601152162229753,0.027453270962247596,0.008102092837232759,0.7921553078858323,0.8988519458351132,0.8828125,0.030446557383129215,0.0176152332126744,0.5785623967600094,0.0829429085373739,LOWO_LOCAL_CAL,0.1,0.9,0.2,stratified,none,True,,,cqr_signed
8,global_rf_cqr,Global RF-CQR,PHIF,123,128,32,0.021492915063090368,0.0207163859768605,0.013519265607942709,0.9583380043132586,0.9928045295018675,0.9765625,0.08367716790474294,0.028707779693821368,0.3430778121757413,0.08931037479276135,LOWO_LOCAL_CAL,0.1,0.9,0.2,stratified,none,True,,,cqr_signed
0,wl_pcqr,WL-PCQR,PHIF,123,128,32,0.045001388044910606,0.04082484644850364,0.02700044775245109,0.8190459901498992,0.9061528829028498,0.8828125,0.11408364290511537,0.06529968793451613,0.5723843162058438,0.1946673078303333,LOWO_LOCAL_CAL,0.1,0.9,0.2,stratified,none,True,,,location-scale
1,wl_pcqr,WL-PCQR,PHIF,123,128,32,-0.0019772313648268036,0.00701840723097357,0.006155026313745523,0.9754874711851559,0.9880372749741845,0.953125,0.02751429617065141,0.01001747527807555,0.36408255606265005,0.02909879246685933,LOWO_LOCAL_CAL,0.1,0.9,0.2,stratified,none,True,,,uniform
2,wl_pcqr,WL-PCQR,PHIF,123,128,32,-0.007887263865018418,0.005981380688921064,0.00469060951569757,0.9905231894819074,0.9956971286070836,0.90625,0.04672864154609194,0.028741400808623887,0.6150703264137072,0.052394079050133914,LOWO_LOCAL_CAL,0.1,0.9,0.2,stratified,none,True,,,location-scale
3,wl_pcqr,WL-PCQR,PHIF,123,128,32,0.0013106278071194806,0.007675543618716845,0.006404831238142248,0.9845491265455847,0.9950620511983849,0.9609375,0.031722970465340936,0.01161915321435233,0.3662693954542146,0.03397862783515877,LOWO_LOCAL_CAL,0.1,0.9,0.2,stratified,none,True,,,scale
4,wl_pcqr,WL-PCQR,PHIF,123,128,32,-0.0005597804408753234,0.009671986822052442,0.00678316374067151,0.9810602711368981,0.9914405349913565,0.90625,0.03632201964449895,0.013026103139712772,0.35862827197401187,0.05519336866093217,LOWO_LOCAL_CAL,0.1,0.9,0.2,stratified,none,True,,,scale
5,wl_pcqr,WL-PCQR,PHIF,123,128,32,0.004997399817465997,0.011631238551539075,0.009270504848728283,0.9726777453653419,0.9895334836762995,0.9453125,0.05174181297092922,0.024829805102599252,0.47987891565666063,0.05799483883183026,LOWO_LOCAL_CAL,0.1,0.9,0.2,stratified,none,True,,,uniform
6,wl_pcqr,WL-PCQR,PHIF,123,128,32,-0.004250167698990753,0.009030412165848113,0.0068852032684826705,0.986547105304962,0.9951070349578389,0.8515625,0.027423265231666213,0.014047896856499995,0.5122620059218403,0.04181430831584247,LOWO_LOCAL_CAL,0.1,0.9,0.2,stratified,none,True,,,uniform
7,wl_pcqr,WL-PCQR,PHIF,123,128,32,-0.002110134779795606,0.02649013974154191,0.00654577515969398,0.8064829461575018,0.9024615948806787,0.953125,0.03142859214799751,0.016750159127737925,0.5329592572540724,0.08058333227347274,LOWO_LOCAL_CAL,0.1,0.9,0.2,stratified,none,True,,,location-scale
8,wl_pcqr,WL-PCQR,PHIF,123,128,32,0.001458513214741144,0.010798402694951382,0.006452279600028997,0.988680398968789,0.9943688848940171,0.953125,0.044650109467061085,0.03260104452456124,0.730144783824358,0.04677625959395601,LOWO_LOCAL_CAL,0.1,0.9,0.2,stratified,none,True,,,location-scale
0,qrf_cqr,RF-Leaf QRF+CQR,SW,42,128,32,0.013961099999999949,0.10889361561610834,0.06367724989526939,0.3443268644779922,0.7805484547384168,0.9296875,0.16111756640624997,0.18701270927379143,1.160722033265126,0.25511842578125,,,,,,,,,,
1,qrf_cqr,RF-Leaf QRF+CQR,SW,42,128,32,0.0,0.017951626756221264,0.00874602316867433,0.8630198128715504,0.9375228405409431,1.0,0.06462694375,0.11879370709959619,1.8381452101329825,0.06462694375,,,,,,,,,,
2,qrf_cqr,RF-Leaf QRF+CQR,SW,42,128,32,0.0,0.05844390488261361,0.045259053804258736,0.6425632680913158,0.8589839782583079,0.9765625,0.16056805546875,0.1909280586913452,1.1890787251173003,0.21978680546874996,,,,,,,,,,
3,qrf_cqr,RF-Leaf QRF+CQR,SW,42,128,32,0.0,0.04175144746041631,0.02623762031437507,0.9776075484206372,0.9891129214844993,0.9921875,0.133900884375,0.1640445648514749,1.2251193531482223,0.134650884375,,,,,,,,,,
4,qrf_cqr,RF-Leaf QRF+CQR,SW,42,128,32,0.0,0.07399922671872265,0.05187406227445239,0.9430613198727222,0.9810195268006652,0.953125,0.28538875,0.2418933429666013,0.8475924260034823,0.37420125,,,,,,,,,,
5,qrf_cqr,RF-Leaf QRF+CQR,SW,42,128,32,0.0,0.09381295764138467,0.05613630944904929,0.9140237736538614,0.9698873603450168,0.96875,0.3181437359375,0.2653835006311879,0.8341622689793364,0.4289249859375,,,,,,,,,,
6,qrf_cqr,RF-Leaf QRF+CQR,SW,42,128,32,0.0,0.05951274159805267,0.03612640601347719,0.9723932008277887,0.9874448209464038,0.9765625,0.246850525,0.27583692324180226,1.1174249001163854,0.25164739999999997,,,,,,,,,,
7,qrf_cqr,RF-Leaf QRF+CQR,SW,42,128,32,0.0,0.13189725277973252,0.05852741959493734,-0.16952062188885098,0.6075660618587001,0.9765625,0.18323378046875,0.21786877155712228,1.1890207744432757,0.29417915546874995,,,,,,,,,,
8,qrf_cqr,RF-Leaf QRF+CQR,SW,42,128,32,0.0,0.1136754298993777,0.0946287698803728,0.47190705075083983,0.7575629405988361,0.9921875,0.3478532546875,0.2275759990191099,0.6542298970971444,0.3610316453125,,,,,,,,,,
0,knn_local_cqr,kNN Local RF-CQR,SW,42,128,32,0.05003447189938075,0.10889361561610832,0.06367724989526938,0.34432686447799243,0.780548454738417,0.859375,0.2000767451537946,0.17323527144943562,0.8658441105500466,0.29864476239916005,,,,,,,,,,
1,knn_local_cqr,kNN Local RF-CQR,SW,42,128,32,0.00044538675426136244,0.017951626756221323,0.008746023168674403,0.8630198128715495,0.9375228405409429,1.0,0.05095997183182713,0.09302026109778476,1.825359350761823,0.05095997183182713,,,,,,,,,,
2,knn_local_cqr,kNN Local RF-CQR,SW,42,128,32,0.005239100477430559,0.05844390488261366,0.04525905380425881,0.6425632680913153,0.858983978258308,0.984375,0.23763111437639772,0.09747293752961748,0.4101859210878607,0.2385075710653889,,,,,,,,,,
3,knn_local_cqr,kNN Local RF-CQR,SW,42,128,32,0.0,0.04175144746041628,0.026237620314375033,0.9776075484206374,0.9891129214844993,0.9765625,0.12611407674832464,0.1194976079329477,0.947535842263026,0.13457932629592223,,,,,,,,,,
4,knn_local_cqr,kNN Local RF-CQR,SW,42,128,32,0.003408051695212339,0.07399922671872268,0.051874062274452376,0.9430613198727222,0.9810195268006651,0.984375,0.21950535678154423,0.16414075538874423,0.7477756251392996,0.22584060961464864,,,,,,,,,,
5,knn_local_cqr,kNN Local RF-CQR,SW,42,128,32,0.03960942367999587,0.09381295764138468,0.05613630944904931,0.9140237736538614,0.9698873603450168,0.984375,0.27498258620890276,0.18842810088861392,0.6852364852858942,0.29198276919219035,,,,,,,,,,
6,knn_local_cqr,kNN Local RF-CQR,SW,42,128,32,0.010167023950463597,0.059512741598052685,0.03612640601347719,0.9723932008277887,0.9874448209464037,0.984375,0.22058604537310808,0.1850245562196913,0.8387863153661119,0.2220005631712746,,,,,,,,,,
7,knn_local_cqr,kNN Local RF-CQR,SW,42,128,32,0.008858867713747444,0.13189725277973252,0.05852741959493734,-0.16952062188885075,0.6075660618587002,0.9453125,0.16476835028129663,0.1601531246941423,0.971989610994617,0.32421194600708825,,,,,,,,,,
8,knn_local_cqr,kNN Local RF-CQR,SW,42,128,32,0.012006760430194826,0.11367542989937772,0.0946287698803728,0.4719070507508396,0.7575629405988356,0.953125,0.37815812937623844,0.09174838688962392,0.24261910497854533,0.4073964561444955,,,,,,,,,,
0,gr_mondrian_cqr,GR-Mondrian RF-CQR,SW,42,128,32,0.14189704129464292,0.10889361561610832,0.06367724989526938,0.34432686447799243,0.780548454738417,0.984375,0.29568970535689953,0.18169124837258283,0.6144659251943866,0.31630924672809235,,,,,,,,,,
1,gr_mondrian_cqr,GR-Mondrian RF-CQR,SW,42,128,32,0.0021378564204545397,0.01795162675622123,0.008746023168674327,0.8630198128715509,0.9375228405409434,1.0,0.05283614372576652,0.09385107249528794,1.7762665076845823,0.05283614372576652,,,,,,,,,,
2,gr_mondrian_cqr,GR-Mondrian RF-CQR,SW,42,128,32,0.03337655381944446,0.05844390488261365,0.045259053804258806,0.6425632680913154,0.8589839782583085,0.984375,0.26614562744481485,0.09022470830465963,0.3390050370952184,0.267022084133806,,,,,,,,,,
3,gr_mondrian_cqr,GR-Mondrian RF-CQR,SW,42,128,32,0.0,0.04175144746041628,0.026237620314375057,0.9776075484206374,0.9891129214844991,0.9765625,0.12611407674832464,0.1194976079329477,0.947535842263026,0.13457932629592223,,,,,,,,,,
4,gr_mondrian_cqr,GR-Mondrian RF-CQR,SW,42,128,32,0.009402923472198373,0.0739992267187227,0.051874062274452404,0.9430613198727222,0.9810195268006648,0.984375,0.23061267381532233,0.16556094242791042,0.7179177956216483,0.2352100267228315,,,,,,,,,,
5,gr_mondrian_cqr,GR-Mondrian RF-CQR,SW,42,128,32,0.05443835377604173,0.09381295764138468,0.05613630944904929,0.9140237736538614,0.9698873603450168,0.9921875,0.3247555962145037,0.21285573525512874,0.6554336175766339,0.34141103707117304,,,,,,,,,,
6,gr_mondrian_cqr,GR-Mondrian RF-CQR,SW,42,128,32,0.07553874338050406,0.05951274159805267,0.0361264060134772,0.9723932008277887,0.987444820946404,0.9921875,0.3280601735581803,0.19265084773819996,0.5872424124168611,0.3307359570345997,,,,,,,,,,
7,gr_mondrian_cqr,GR-Mondrian RF-CQR,SW,42,128,32,0.020623325023567073,0.13189725277973252,0.05852741959493732,-0.16952062188885098,0.6075660618587002,0.9453125,0.17694501429596166,0.15672421942926296,0.8857227204329307,0.3363054909606674,,,,,,,,,,
8,gr_mondrian_cqr,GR-Mondrian RF-CQR,SW,42,128,32,0.022578814732142863,0.1136754298993777,0.09462876988037278,0.4719070507508397,0.7575629405988353,0.9765625,0.393337562611187,0.09831489521715858,0.24995043586605675,0.41226529293769265,,,,,,,,,,
0,global_rf_cqr,Global RF-CQR,SW,42,128,32,0.059722976190476285,0.10889361561610832,0.06367724989526938,0.34432686447799243,0.7805484547384172,0.9375,0.2086605366295477,0.13907913817503498,0.6665330225904368,0.2784114235987264,LOWO_LOCAL_CAL,0.1,0.9,0.2,stratified,none,True,,,cqr_signed
1,global_rf_cqr,Global RF-CQR,SW,42,128,32,0.0,0.01795162675622127,0.008746023168674347,0.8630198128715503,0.9375228405409429,1.0,0.050487452649013415,0.09237863699196434,1.8297345606675113,0.050487452649013415,LOWO_LOCAL_CAL,0.1,0.9,0.2,stratified,none,True,,,cqr_signed
2,global_rf_cqr,Global RF-CQR,SW,42,128,32,0.0,0.05844390488261363,0.04525905380425879,0.6425632680913156,0.8589839782583081,0.9765625,0.23218072846164198,0.09254837286487873,0.3986048862800791,0.23350532514676314,LOWO_LOCAL_CAL,0.1,0.9,0.2,stratified,none,True,,,cqr_signed
3,global_rf_cqr,Global RF-CQR,SW,42,128,32,0.0,0.04175144746041628,0.026237620314375057,0.9776075484206374,0.9891129214844993,0.9765625,0.12611407674832464,0.1194976079329477,0.947535842263026,0.13457932629592223,LOWO_LOCAL_CAL,0.1,0.9,0.2,stratified,none,True,,,cqr_signed
4,global_rf_cqr,Global RF-CQR,SW,42,128,32,0.011122559523809528,0.07399922671872267,0.05187406227445239,0.9430613198727222,0.9810195268006651,0.9609375,0.23250196853928545,0.16772617230146145,0.7213967836711931,0.23919219772741504,LOWO_LOCAL_CAL,0.1,0.9,0.2,stratified,none,True,,,cqr_signed
5,global_rf_cqr,Global RF-CQR,SW,42,128,32,0.0030237606837606457,0.09381295764138467,0.056136309449049286,0.9140237736538614,0.9698873603450168,0.96875,0.23229357749987803,0.1784443484826003,0.768184598141522,0.2788840219536237,LOWO_LOCAL_CAL,0.1,0.9,0.2,stratified,none,True,,,cqr_signed
6,global_rf_cqr,Global RF-CQR,SW,42,128,32,0.019965652417582413,0.059512741598052685,0.03612640601347721,0.9723932008277887,0.9874448209464035,0.9921875,0.23953610745940757,0.1788828705879146,0.7467887513293944,0.24221189093582698,LOWO_LOCAL_CAL,0.1,0.9,0.2,stratified,none,True,,,cqr_signed
7,global_rf_cqr,Global RF-CQR,SW,42,128,32,0.0007601809954750349,0.13189725277973252,0.05852741959493732,-0.16952062188885098,0.6075660618587001,0.9375,0.15631051519987568,0.16271004067503972,1.0409411066618321,0.323471451774611,LOWO_LOCAL_CAL,0.1,0.9,0.2,stratified,none,True,,,cqr_signed
8,global_rf_cqr,Global RF-CQR,SW,42,128,32,0.00841053571428585,0.11367542989937769,0.09462876988037278,0.47190705075083994,0.7575629405988361,0.90625,0.3704921532527537,0.09297814941409983,0.2509584848094452,0.4359561306200893,LOWO_LOCAL_CAL,0.1,0.9,0.2,stratified,none,True,,,cqr_signed
0,wl_pcqr,WL-PCQR,SW,42,128,32,0.02400405418261193,0.07517096633049028,0.04040384766672922,0.6875483515380381,0.8413723485176074,0.9140625,0.12679824787135818,0.13089225738149832,1.032287587398634,0.18835839072373972,LOWO_LOCAL_CAL,0.1,0.9,0.2,stratified,none,True,,,location-scale
1,wl_pcqr,WL-PCQR,SW,42,128,32,-0.0018277187582054957,0.020261986644811786,0.007178868693700414,0.8254924646814762,0.9241648200637058,1.0,0.0410694080130465,0.08379942358315329,2.0404341732058264,0.0410694080130465,LOWO_LOCAL_CAL,0.1,0.9,0.2,stratified,none,True,,,location-scale
2,wl_pcqr,WL-PCQR,SW,42,128,32,-0.02409548356386533,0.05191438276853644,0.027675090547688574,0.7179694723957882,0.8696195944447739,0.9453125,0.16908253040518947,0.09729155425896503,0.5754086718823966,0.18275347851835244,LOWO_LOCAL_CAL,0.1,0.9,0.2,stratified,none,True,,,location-scale
3,wl_pcqr,WL-PCQR,SW,42,128,32,0.0,0.041751447460416265,0.026237620314375036,0.9776075484206374,0.9891129214844991,0.9765625,0.12611407674832464,0.1194976079329477,0.947535842263026,0.13457932629592223,LOWO_LOCAL_CAL,0.1,0.9,0.2,stratified,none,True,,,uniform
4,wl_pcqr,WL-PCQR,SW,42,128,32,-0.016946084769675414,0.05319064995869768,0.032309157515297345,0.9705812898612801,0.9853791900263081,0.921875,0.17690008464418416,0.14341711439060562,0.8107238313597983,0.21343370725066757,LOWO_LOCAL_CAL,0.1,0.9,0.2,stratified,none,True,,,location-scale
5,wl_pcqr,WL-PCQR,SW,42,128,32,0.0030237606837606457,0.0938129576413847,0.05613630944904931,0.9140237736538614,0.9698873603450169,0.96875,0.23229357749987803,0.1784443484826003,0.768184598141522,0.2788840219536237,LOWO_LOCAL_CAL,0.1,0.9,0.2,stratified,none,True,,,uniform
6,wl_pcqr,WL-PCQR,SW,42,128,32,-0.010698794744458789,0.05516727903693347,0.03338674441880647,0.976277564786398,0.9887703004325199,0.90625,0.18139423720516618,0.1820155126055489,1.003425000760526,0.23081912065407784,LOWO_LOCAL_CAL,0.1,0.9,0.2,stratified,none,True,,,location-scale
7,wl_pcqr,WL-PCQR,SW,42,128,32,0.0007601809954750349,0.13189725277973252,0.05852741959493734,-0.16952062188885098,0.6075660618587003,0.9375,0.15631051519987568,0.16271004067503972,1.0409411066618321,0.323471451774611,LOWO_LOCAL_CAL,0.1,0.9,0.2,stratified,none,True,,,uniform
8,wl_pcqr,WL-PCQR,SW,42,128,32,-0.025270424493038318,0.0767060307001005,0.05391938216689311,0.7595436899145414,0.8737488524702437,0.9453125,0.2903797052896958,0.11469152956317072,0.39497088630470684,0.35908571533797784,LOWO_LOCAL_CAL,0.1,0.9,0.2,stratified,none,True,,,location-scale
0,qrf_cqr,RF-Leaf QRF+CQR,SW,7,128,32,0.013961099999999949,0.11026686195260124,0.06327495542169925,0.32768533490267693,0.7780947945553305,0.9140625,0.15983978828124992,0.1840531182173767,1.1514849975496815,0.25460280390625,,,,,,,,,,
1,qrf_cqr,RF-Leaf QRF+CQR,SW,7,128,32,0.0,0.018593762739563043,0.009141823579275461,0.8530448856144397,0.9312765123712705,1.0,0.06658110625000001,0.12385409480245907,1.860198812819501,0.06658110625000001,,,,,,,,,,
2,qrf_cqr,RF-Leaf QRF+CQR,SW,7,128,32,0.0,0.05691312169477877,0.04413596614852688,0.6610422681637895,0.869170881727731,0.9765625,0.1578504375,0.19055966570457045,1.2072165824980399,0.2123816875,,,,,,,,,,
3,qrf_cqr,RF-Leaf QRF+CQR,SW,7,128,32,0.0,0.042774276317119254,0.027119535899519327,0.9764969669038894,0.9886700729455694,1.0,0.13411478906250002,0.1692083802844893,1.261668317620326,0.13411478906250002,,,,,,,,,,
4,qrf_cqr,RF-Leaf QRF+CQR,SW,7,128,32,0.0,0.07619377982015506,0.05303413820468046,0.939634045782513,0.9797850195454009,0.9609375,0.28791699531250003,0.24311280527148324,0.8443850457928435,0.36976357343750005,,,,,,,,,,
5,qrf_cqr,RF-Leaf QRF+CQR,SW,7,128,32,0.0,0.09897092138622147,0.06180365382912209,0.9043096926077071,0.968043640024204,0.9609375,0.3487195046875,0.27969073099210007,0.8020507233822235,0.4817700671875,,,,,,,,,,
6,qrf_cqr,RF-Leaf QRF+CQR,SW,7,128,32,0.0,0.062364276764481474,0.03858758658996428,0.9696842776211922,0.9860656597378696,0.9765625,0.25537684296874996,0.27997667316063996,1.0963275679420168,0.26017371796875,,,,,,,,,,
7,qrf_cqr,RF-Leaf QRF+CQR,SW,7,128,32,0.0,0.1297552063290845,0.05886546460084792,-0.1318424269055971,0.6162517175802726,0.9765625,0.183136903125,0.21548586831720903,1.176638157794605,0.33444940312500004,,,,,,,,,,
8,qrf_cqr,RF-Leaf QRF+CQR,SW,7,128,32,0.0,0.10989980982324117,0.09224901529363999,0.5064046720441361,0.7774238423555994,0.96875,0.33628452109375,0.2097298538975111,0.6236678786623135,0.35001889609375003,,,,,,,,,,
0,knn_local_cqr,kNN Local RF-CQR,SW,7,128,32,0.05131112358372845,0.11026686195260124,0.06327495542169925,0.32768533490267704,0.7780947945553307,0.859375,0.18913068852460618,0.17482412802756053,0.9243562183977121,0.3309398377146032,,,,,,,,,,
1,knn_local_cqr,kNN Local RF-CQR,SW,7,128,32,0.000448655729166662,0.018593762739563043,0.009141823579275475,0.8530448856144397,0.9312765123712703,1.0,0.052767411069571876,0.09581570642562956,1.8158121553339068,0.052767411069571876,,,,,,,,,,
2,knn_local_cqr,kNN Local RF-CQR,SW,7,128,32,0.00754455989583335,0.0569131216947788,0.0441359661485269,0.6610422681637892,0.8691708817277316,0.9921875,0.22992097149870944,0.11041826752236218,0.4802444370455436,0.23026645882388425,,,,,,,,,,
3,knn_local_cqr,kNN Local RF-CQR,SW,7,128,32,0.0,0.04277427631711926,0.027119535899519345,0.9764969669038894,0.9886700729455692,0.9765625,0.12675389473704343,0.11705382732476968,0.9234732200348007,0.1327310498326965,,,,,,,,,,
4,knn_local_cqr,kNN Local RF-CQR,SW,7,128,32,0.003591447679924243,0.07619377982015503,0.053034138204680434,0.939634045782513,0.9797850195454008,0.9921875,0.226639049554612,0.17173595444523876,0.7577509470796491,0.23775131517961204,,,,,,,,,,
5,knn_local_cqr,kNN Local RF-CQR,SW,7,128,32,0.044943917311197894,0.09897092138622147,0.061803653829122104,0.9043096926077071,0.9680436400242035,0.9765625,0.2958635566576301,0.19444672576878677,0.6572175632762987,0.3190160318050674,,,,,,,,,,
6,knn_local_cqr,kNN Local RF-CQR,SW,7,128,32,0.00206522042968753,0.06236427676448147,0.03858758658996428,0.9696842776211922,0.9860656597378696,0.9765625,0.2189556567572967,0.18450298353149872,0.8426499970996988,0.22427061107847146,,,,,,,,,,
7,knn_local_cqr,kNN Local RF-CQR,SW,7,128,32,0.01035408089439429,0.12975520632908447,0.058865464600847905,-0.13184242690559667,0.6162517175802728,0.9296875,0.17297543759662332,0.16095782773540812,0.9305241829233575,0.309234857971515,,,,,,,,,,
8,knn_local_cqr,kNN Local RF-CQR,SW,7,128,32,0.009479445857355745,0.10989980982324117,0.09224901529364002,0.5064046720441361,0.7774238423555991,0.8984375,0.35465246490608077,0.09361129315094077,0.26395218534779097,0.39869113787940236,,,,,,,,,,
0,gr_mondrian_cqr,GR-Mondrian RF-CQR,SW,7,128,32,0.14620227230411836,0.11026686195260127,0.06327495542169927,0.3276853349026767,0.7780947945553304,0.9765625,0.2887222319034892,0.18138915090920857,0.6282479520657116,0.3187407734015766,,,,,,,,,,
1,gr_mondrian_cqr,GR-Mondrian RF-CQR,SW,7,128,32,0.0021535474999999776,0.018593762739563004,0.009141823579275442,0.8530448856144404,0.9312765123712708,1.0,0.05466829890351793,0.09658229768644325,1.7666965979113012,0.05466829890351793,,,,,,,,,,
2,gr_mondrian_cqr,GR-Mondrian RF-CQR,SW,7,128,32,0.048480945312500065,0.05691312169477879,0.0441359661485269,0.6610422681637893,0.8691708817277314,0.9921875,0.27141809547122525,0.10628867566720898,0.39160497196281197,0.27176358279640006,,,,,,,,,,
3,gr_mondrian_cqr,GR-Mondrian RF-CQR,SW,7,128,32,0.0,0.04277427631711926,0.02711953589951933,0.9764969669038894,0.9886700729455692,0.9765625,0.12675389473704343,0.11705382732476968,0.9234732200348007,0.1327310498326965,,,,,,,,,,
4,gr_mondrian_cqr,GR-Mondrian RF-CQR,SW,7,128,32,0.009964172585227273,0.07619377982015504,0.053034138204680434,0.939634045782513,0.9797850195454011,0.9921875,0.2383663083578303,0.17292909604400972,0.7254762522244224,0.24755078042222428,,,,,,,,,,
5,gr_mondrian_cqr,GR-Mondrian RF-CQR,SW,7,128,32,0.0742815880160985,0.09897092138622145,0.06180365382912209,0.9043096926077071,0.968043640024204,0.984375,0.3591415451552905,0.20646182487398526,0.5748759163596974,0.3917562655529918,,,,,,,,,,
6,gr_mondrian_cqr,GR-Mondrian RF-CQR,SW,7,128,32,0.07861860289180131,0.06236427676448148,0.038587586589964286,0.9696842776211922,0.9860656597378694,0.9921875,0.33565597376307676,0.22910696563940666,0.6825648388463426,0.34132802063807677,,,,,,,,,,
7,gr_mondrian_cqr,GR-Mondrian RF-CQR,SW,7,128,32,0.02621680824227863,0.12975520632908447,0.058865464600847864,-0.13184242690559644,0.6162517175802729,0.9453125,0.1901376655277457,0.15877619401285545,0.8350591324036539,0.3192600783988564,,,,,,,,,,
8,gr_mondrian_cqr,GR-Mondrian RF-CQR,SW,7,128,32,0.027120175781250082,0.10989980982324117,0.09224901529364002,0.5064046720441361,0.7774238423555994,0.96875,0.37840837592387333,0.09539807156418467,0.25210348827843193,0.39192827463155344,,,,,,,,,,
0,global_rf_cqr,Global RF-CQR,SW,7,128,32,0.07082053921568632,0.11026686195260127,0.06327495542169928,0.3276853349026766,0.7780947945553305,0.9375,0.208286270595186,0.14237487557900547,0.6835538183681709,0.29476872187843106,LOWO_LOCAL_CAL,0.1,0.9,0.2,stratified,none,True,,,cqr_signed
1,global_rf_cqr,Global RF-CQR,SW,7,128,32,0.0,0.018593762739563004,0.009141823579275437,0.8530448856144404,0.9312765123712704,1.0,0.052265766402642605,0.09502886149707986,1.8181855550533954,0.052265766402642605,LOWO_LOCAL_CAL,0.1,0.9,0.2,stratified,none,True,,,cqr_signed
2,global_rf_cqr,Global RF-CQR,SW,7,128,32,0.0,0.05691312169477876,0.04413596614852684,0.6610422681637897,0.8691708817277312,0.9921875,0.22205287981576957,0.10321035562726265,0.4648007975077518,0.22239836714094438,LOWO_LOCAL_CAL,0.1,0.9,0.2,stratified,none,True,,,cqr_signed
3,global_rf_cqr,Global RF-CQR,SW,7,128,32,0.0,0.04277427631711927,0.027119535899519362,0.9764969669038894,0.9886700729455692,0.9765625,0.12675389473704343,0.11705382732476968,0.9234732200348007,0.1327310498326965,LOWO_LOCAL_CAL,0.1,0.9,0.2,stratified,none,True,,,cqr_signed
4,global_rf_cqr,Global RF-CQR,SW,7,128,32,0.012337878787878787,0.07619377982015507,0.053034138204680434,0.939634045782513,0.9797850195454014,0.9609375,0.24130313991820657,0.17514011131413365,0.7258094999240379,0.25225953433108533,LOWO_LOCAL_CAL,0.1,0.9,0.2,stratified,none,True,,,cqr_signed
5,global_rf_cqr,Global RF-CQR,SW,7,128,32,0.04599227272727291,0.09897092138622147,0.061803653829122084,0.9043096926077071,0.9680436400242041,0.984375,0.3117852751848836,0.1901908326382528,0.6100058205939095,0.35456922999309615,LOWO_LOCAL_CAL,0.1,0.9,0.2,stratified,none,True,,,cqr_signed
6,global_rf_cqr,Global RF-CQR,SW,7,128,32,0.0,0.062364276764481474,0.03858758658996428,0.9696842776211922,0.9860656597378694,0.9765625,0.2157746593506294,0.18380261530380015,0.8518266966888113,0.22288545752370637,LOWO_LOCAL_CAL,0.1,0.9,0.2,stratified,none,True,,,cqr_signed
7,global_rf_cqr,Global RF-CQR,SW,7,128,32,0.002893251748251724,0.1297552063290845,0.05886546460084792,-0.1318424269055969,0.6162517175802726,0.9453125,0.16499830209247243,0.16208231100141132,0.9823271448610007,0.3107365773251799,LOWO_LOCAL_CAL,0.1,0.9,0.2,stratified,none,True,,,cqr_signed
8,global_rf_cqr,Global RF-CQR,SW,7,128,32,0.00771684491978597,0.10989980982324118,0.09224901529364005,0.506404672044136,0.7774238423555994,0.875,0.3509171661573862,0.09620740045963491,0.27415985804606074,0.4157828360686201,LOWO_LOCAL_CAL,0.1,0.9,0.2,stratified,none,True,,,cqr_signed
0,wl_pcqr,WL-PCQR,SW,7,128,32,0.031730098821596456,0.08082320197888405,0.04356419061859087,0.6387942478397375,0.8212108573657966,0.921875,0.1220983496287257,0.14508320066995586,1.1882486627470563,0.1931579225545012,LOWO_LOCAL_CAL,0.1,0.9,0.2,stratified,none,True,,,location-scale
1,wl_pcqr,WL-PCQR,SW,7,128,32,0.001033255742987807,0.022297039307300617,0.007929795291757627,0.7886780866855868,0.9012115884230202,1.0,0.04476511564508841,0.08647344839128444,1.9317150675287542,0.04476511564508841,LOWO_LOCAL_CAL,0.1,0.9,0.2,stratified,none,True,,,location-scale
2,wl_pcqr,WL-PCQR,SW,7,128,32,-0.020866420569975955,0.04937272685507093,0.024957241110811962,0.7449091047176694,0.8858972341433777,0.9765625,0.16376578954317844,0.10847893685716828,0.6624029179706471,0.18035323438440534,LOWO_LOCAL_CAL,0.1,0.9,0.2,stratified,none,True,,,location-scale
3,wl_pcqr,WL-PCQR,SW,7,128,32,0.0,0.04277427631711928,0.02711953589951935,0.9764969669038894,0.9886700729455692,0.9765625,0.12675389473704343,0.11705382732476968,0.9234732200348007,0.1327310498326965,LOWO_LOCAL_CAL,0.1,0.9,0.2,stratified,none,True,,,uniform
4,wl_pcqr,WL-PCQR,SW,7,128,32,-0.006648507989906788,0.07619377982015504,0.053034138204680434,0.939634045782513,0.9797850195454009,0.953125,0.20573304665612127,0.15536353994265678,0.7551705594597249,0.22680638070123146,LOWO_LOCAL_CAL,0.1,0.9,0.2,stratified,none,True,,,scale
5,wl_pcqr,WL-PCQR,SW,7,128,32,0.03588447458363702,0.06657414496866271,0.0343176609690783,0.9567023906614751,0.9798056798295194,0.9765625,0.28281614503333485,0.17938249886859506,0.6342724841520334,0.32593217082356823,LOWO_LOCAL_CAL,0.1,0.9,0.2,stratified,none,True,,,location-scale
6,wl_pcqr,WL-PCQR,SW,7,128,32,0.0,0.06236427676448147,0.03858758658996428,0.9696842776211922,0.9860656597378696,0.9765625,0.2157746593506294,0.18380261530380015,0.8518266966888113,0.22288545752370637,LOWO_LOCAL_CAL,0.1,0.9,0.2,stratified,none,True,,,uniform
7,wl_pcqr,WL-PCQR,SW,7,128,32,0.0034455735393534147,0.1297552063290845,0.05886546460084792,-0.1318424269055971,0.6162517175802726,0.8828125,0.16673560332041945,0.16909405287556006,1.0141448467404308,0.31437594699693183,LOWO_LOCAL_CAL,0.1,0.9,0.2,stratified,none,True,,,scale
8,wl_pcqr,WL-PCQR,SW,7,128,32,-0.025095061373879034,0.07215199329799485,0.05037532876107638,0.7872479146374546,0.889921642946851,0.953125,0.2745631900175389,0.10269774867886483,0.3740404847143004,0.3378716847880112,LOWO_LOCAL_CAL,0.1,0.9,0.2,stratified,none,True,,,location-scale
0,qrf_cqr,RF-Leaf QRF+CQR,SW,123,128,32,0.0,0.110402035454602,0.06548186564907169,0.3260359757137211,0.7787973597213967,0.9375,0.147103125,0.18718367647910536,1.2724656697748968,0.27192428125,,,,,,,,,,
1,qrf_cqr,RF-Leaf QRF+CQR,SW,123,128,32,0.0,0.01886022886970813,0.00984340428593956,0.8488026942180149,0.9318846872966715,1.0,0.0670136625,0.12116646236744476,1.8080859610895728,0.0670136625,,,,,,,,,,
2,qrf_cqr,RF-Leaf QRF+CQR,SW,123,128,32,0.0,0.05654683965156609,0.04401692655590671,0.6653911638381422,0.8715257341700106,0.9765625,0.15647629140625,0.1907891584865014,1.2192847668607314,0.21569504140625,,,,,,,,,,
3,qrf_cqr,RF-Leaf QRF+CQR,SW,123,128,32,0.0,0.04278212020065069,0.027505845108756092,0.9764883462106366,0.9886778954257143,1.0,0.13430165078125,0.16411034654053228,1.2219533087335952,0.13430165078125,,,,,,,,,,
4,qrf_cqr,RF-Leaf QRF+CQR,SW,123,128,32,0.0,0.07335049835848813,0.04999569003134188,0.9440552714952133,0.9807894839159363,0.9609375,0.28493636171875003,0.24602394306594655,0.8634347037419798,0.35528011171875,,,,,,,,,,
5,qrf_cqr,RF-Leaf QRF+CQR,SW,123,128,32,0.0,0.09464779044968467,0.06017199227148992,0.9124867762223781,0.9718781379703977,0.9609375,0.34641611796875,0.2804773341515525,0.8096544000208854,0.45222861796875,,,,,,,,,,
6,qrf_cqr,RF-Leaf QRF+CQR,SW,123,128,32,0.0,0.06452352892706673,0.039310337376426766,0.967548680183308,0.9853058981890758,0.9765625,0.2626228140625,0.289278579660329,1.1014982864035772,0.2674196890625,,,,,,,,,,
7,qrf_cqr,RF-Leaf QRF+CQR,SW,123,128,32,0.0,0.12970526731197285,0.05998882540236311,-0.13097136788803931,0.6183673692200456,0.9765625,0.1936174203125,0.2197452663484178,1.1349457398706544,0.3188361703125,,,,,,,,,,
8,qrf_cqr,RF-Leaf QRF+CQR,SW,123,128,32,0.0,0.11339825026682371,0.09628038886534648,0.47447925393673696,0.7685191328560733,0.9921875,0.34370292421875,0.23259494818551177,0.6767325262483846,0.34435917421874995,,,,,,,,,,
0,knn_local_cqr,kNN Local RF-CQR,SW,123,128,32,0.057416529107934954,0.110402035454602,0.06548186564907167,0.326035975713721,0.7787973597213967,0.8671875,0.21793418326237568,0.16633888931433657,0.7632528629713751,0.3245842210956255,,,,,,,,,,
1,knn_local_cqr,kNN Local RF-CQR,SW,123,128,32,0.00022355339972527505,0.018860228869708156,0.009843404285939595,0.8488026942180146,0.9318846872966711,1.0,0.05236456217107503,0.09149966464843665,1.747358535138845,0.05236456217107503,,,,,,,,,,
2,knn_local_cqr,kNN Local RF-CQR,SW,123,128,32,0.006931602251838227,0.05654683965156611,0.044016926555906735,0.665391163838142,0.8715257341700107,0.9921875,0.2273560859028914,0.10727799824948757,0.4718501280643451,0.22757223173622473,,,,,,,,,,
3,knn_local_cqr,kNN Local RF-CQR,SW,123,128,32,0.0,0.04278212020065073,0.027505845108756134,0.9764883462106366,0.9886778954257143,1.0,0.13060081343475355,0.12002718598477574,0.9190385789192633,0.13060081343475355,,,,,,,,,,
4,knn_local_cqr,kNN Local RF-CQR,SW,123,128,32,0.0030391705820221456,0.07335049835848813,0.04999569003134188,0.9440552714952133,0.980789483915936,0.9765625,0.21168060288972002,0.16827524237586466,0.7949488053165249,0.22731070012092014,,,,,,,,,,
5,knn_local_cqr,kNN Local RF-CQR,SW,123,128,32,0.02814826543770522,0.09464779044968467,0.06017199227148992,0.9124867762223781,0.9718781379703973,0.984375,0.27279882715744574,0.18683246220937877,0.684872673963325,0.29767171339311194,,,,,,,,,,
6,knn_local_cqr,kNN Local RF-CQR,SW,123,128,32,0.0,0.06452352892706671,0.03931033737642675,0.967548680183308,0.9853058981890758,0.984375,0.21486616288128257,0.17885682613122625,0.8324103885545155,0.22040104818048623,,,,,,,,,,
7,knn_local_cqr,kNN Local RF-CQR,SW,123,128,32,0.01291905055710333,0.12970526731197288,0.05998882540236318,-0.13097136788803976,0.6183673692200456,0.8984375,0.17700678039548745,0.16273225435383964,0.9193560494702285,0.32077128331269933,,,,,,,,,,
8,knn_local_cqr,kNN Local RF-CQR,SW,123,128,32,0.012428290829613112,0.11339825026682376,0.09628038886534654,0.4744792539367364,0.7685191328560728,0.953125,0.3852916515161714,0.1050754928291871,0.2727167651198819,0.4125221943743925,,,,,,,,,,
0,gr_mondrian_cqr,GR-Mondrian RF-CQR,SW,123,128,32,0.15932683915844306,0.11040203545460202,0.06548186564907169,0.3260359757137209,0.7787973597213966,0.9921875,0.32450053098430776,0.16060469983598447,0.49492892769334484,0.3454585314150722,,,,,,,,,,
1,gr_mondrian_cqr,GR-Mondrian RF-CQR,SW,123,128,32,0.0010730563186813202,0.018860228869708114,0.009843404285939553,0.8488026942180154,0.931884687296672,1.0,0.05331662659600366,0.09192709865523317,1.7241731993247216,0.05331662659600366,,,,,,,,,,
2,gr_mondrian_cqr,GR-Mondrian RF-CQR,SW,123,128,32,0.043530313090861306,0.05654683965156611,0.044016926555906735,0.665391163838142,0.8715257341700107,0.9921875,0.26441470209496887,0.11048188007304215,0.41783561654359436,0.2646308479283022,,,,,,,,,,
3,gr_mondrian_cqr,GR-Mondrian RF-CQR,SW,123,128,32,0.0,0.04278212020065073,0.027505845108756137,0.9764883462106366,0.9886778954257143,1.0,0.13060081343475355,0.12002718598477574,0.9190385789192633,0.13060081343475355,,,,,,,,,,
4,gr_mondrian_cqr,GR-Mondrian RF-CQR,SW,123,128,32,0.008226127713432403,0.07335049835848817,0.0499956900313419,0.9440552714952132,0.9807894839159358,0.9765625,0.22139840485530649,0.16908599805025779,0.7637182307648642,0.23448371041984,,,,,,,,,,
5,gr_mondrian_cqr,GR-Mondrian RF-CQR,SW,123,128,32,0.053625451753806105,0.09464779044968467,0.06017199227148991,0.9124867762223781,0.9718781379703979,0.984375,0.31730378070393395,0.18553066382434397,0.5847099061118869,0.3421766669396,,,,,,,,,,
6,gr_mondrian_cqr,GR-Mondrian RF-CQR,SW,123,128,32,0.07826412364130439,0.06452352892706674,0.039310337376426766,0.967548680183308,0.9853058981890758,0.9921875,0.333363505560047,0.22967417769085288,0.6889601706851588,0.33769699129374264,,,,,,,,,,
7,gr_mondrian_cqr,GR-Mondrian RF-CQR,SW,123,128,32,0.03640488776041674,0.12970526731197285,0.059988825402363125,-0.13097136788803931,0.6183673692200459,0.9453125,0.20232066698572648,0.16055878598446546,0.7935856893739517,0.33906110057513666,,,,,,,,,,
8,gr_mondrian_cqr,GR-Mondrian RF-CQR,SW,123,128,32,0.029264792906746023,0.11339825026682374,0.09628038886534648,0.47447925393673673,0.7685191328560732,0.9765625,0.4081376351282493,0.10664935775953856,0.2613073350268864,0.42241191042760273,,,,,,,,,,
0,global_rf_cqr,Global RF-CQR,SW,123,128,32,0.10568698717948732,0.11040203545460202,0.0654818656490717,0.3260359757137209,0.7787973597213964,0.9921875,0.2694325989945528,0.1403787384645812,0.5210161613273058,0.31215987034299597,LOWO_LOCAL_CAL,0.1,0.9,0.2,stratified,none,True,,,cqr_signed
1,global_rf_cqr,Global RF-CQR,SW,123,128,32,0.0,0.018860228869708118,0.009843404285939567,0.8488026942180152,0.931884687296672,1.0,0.052108565075722466,0.09113631803385426,1.748970018679615,0.052108565075722466,LOWO_LOCAL_CAL,0.1,0.9,0.2,stratified,none,True,,,cqr_signed
2,global_rf_cqr,Global RF-CQR,SW,123,128,32,0.0,0.05654683965156615,0.044016926555906805,0.6653911638381416,0.8715257341700107,0.9921875,0.21994854739086844,0.10282168724213821,0.4674806379121694,0.2201646932242018,LOWO_LOCAL_CAL,0.1,0.9,0.2,stratified,none,True,,,cqr_signed
3,global_rf_cqr,Global RF-CQR,SW,123,128,32,0.0,0.04278212020065074,0.02750584510875615,0.9764883462106365,0.9886778954257143,1.0,0.13060081343475355,0.12002718598477574,0.9190385789192633,0.13060081343475355,LOWO_LOCAL_CAL,0.1,0.9,0.2,stratified,none,True,,,cqr_signed
4,global_rf_cqr,Global RF-CQR,SW,123,128,32,0.008143333333333336,0.07335049835848814,0.04999569003134188,0.9440552714952133,0.9807894839159361,0.9453125,0.22011791353185128,0.17079750172410235,0.7759364014659705,0.23577301440524262,LOWO_LOCAL_CAL,0.1,0.9,0.2,stratified,none,True,,,cqr_signed
5,global_rf_cqr,Global RF-CQR,SW,123,128,32,0.044821568627451014,0.09464779044968467,0.06017199227148991,0.9124867762223781,0.9718781379703975,0.984375,0.3041378633443056,0.18389855503731448,0.6046552475090163,0.3304484743387034,LOWO_LOCAL_CAL,0.1,0.9,0.2,stratified,none,True,,,cqr_signed
6,global_rf_cqr,Global RF-CQR,SW,123,128,32,0.0,0.06452352892706673,0.03931033737642676,0.967548680183308,0.9853058981890758,0.984375,0.21486616288128257,0.17885682613122625,0.8324103885545155,0.22040104818048623,LOWO_LOCAL_CAL,0.1,0.9,0.2,stratified,none,True,,,cqr_signed
7,global_rf_cqr,Global RF-CQR,SW,123,128,32,0.00021560666666664563,0.12970526731197285,0.05998882540236315,-0.13097136788803931,0.6183673692200458,0.8984375,0.16307146157862684,0.16300324585457435,0.9995816820221507,0.32324158003278114,LOWO_LOCAL_CAL,0.1,0.9,0.2,stratified,none,True,,,cqr_signed
8,global_rf_cqr,Global RF-CQR,SW,123,128,32,0.015538194444444375,0.11339825026682372,0.09628038886534648,0.47447925393673684,0.7685191328560733,0.9296875,0.3868920885943291,0.11201167200340553,0.2895165740151745,0.43426294261014275,LOWO_LOCAL_CAL,0.1,0.9,0.2,stratified,none,True,,,cqr_signed
0,wl_pcqr,WL-PCQR,SW,123,128,32,0.037946967356388306,0.07861129662538212,0.04326859733046956,0.6582941033800145,0.8303791135757415,0.953125,0.14699460719042132,0.13517536132949667,0.9195940171763334,0.18281782700360916,LOWO_LOCAL_CAL,0.1,0.9,0.2,stratified,none,True,,,location-scale
1,wl_pcqr,WL-PCQR,SW,123,128,32,0.0014662576093314571,0.0230781828981092,0.008118497492901632,0.7736120238704234,0.9018018958056991,1.0,0.04506804836490806,0.08407111532992839,1.865426136255543,0.04506804836490806,LOWO_LOCAL_CAL,0.1,0.9,0.2,stratified,none,True,,,location-scale
2,wl_pcqr,WL-PCQR,SW,123,128,32,-0.02368821833991789,0.049574160061360915,0.023720310485855323,0.7428233946828395,0.8835646540864057,0.9765625,0.16021224495048245,0.11086621897423171,0.6919959145975244,0.16801013291759934,LOWO_LOCAL_CAL,0.1,0.9,0.2,stratified,none,True,,,location-scale
3,wl_pcqr,WL-PCQR,SW,123,128,32,0.0,0.04278212020065073,0.02750584510875614,0.9764883462106366,0.9886778954257143,1.0,0.13060081343475355,0.12002718598477574,0.9190385789192633,0.13060081343475355,LOWO_LOCAL_CAL,0.1,0.9,0.2,stratified,none,True,,,uniform
4,wl_pcqr,WL-PCQR,SW,123,128,32,-0.005309034723496295,0.07335049835848816,0.0499956900313419,0.9440552714952132,0.980789483915936,0.9296875,0.1939144361447357,0.15193134101680475,0.7834968042472341,0.21785835722548402,LOWO_LOCAL_CAL,0.1,0.9,0.2,stratified,none,True,,,scale
5,wl_pcqr,WL-PCQR,SW,123,128,32,-0.01899806939836001,0.0673580566142333,0.03187519338645202,0.955676727288352,0.9788499560179629,0.9453125,0.18976826261855795,0.1634984029790786,0.8615687403310276,0.26719018814740514,LOWO_LOCAL_CAL,0.1,0.9,0.2,stratified,none,True,,,location-scale
6,wl_pcqr,WL-PCQR,SW,123,128,32,0.0,0.06452352892706673,0.03931033737642675,0.967548680183308,0.9853058981890758,0.984375,0.21486616288128257,0.17885682613122625,0.8324103885545155,0.22040104818048623,LOWO_LOCAL_CAL,0.1,0.9,0.2,stratified,none,True,,,uniform
7,wl_pcqr,WL-PCQR,SW,123,128,32,0.005219014261189263,0.12970526731197288,0.05998882540236319,-0.13097136788803976,0.6183673692200456,0.8828125,0.17127311299194783,0.17414768790598664,1.0167835736959714,0.32879811827411787,LOWO_LOCAL_CAL,0.1,0.9,0.2,stratified,none,True,,,scale
8,wl_pcqr,WL-PCQR,SW,123,128,32,-0.024641345336263918,0.07828022653971128,0.05546359110982893,0.7495729104763196,0.8676923137809196,0.9609375,0.30289446142962617,0.10876085196934233,0.3590717752183514,0.34449751014869634,LOWO_LOCAL_CAL,0.1,0.9,0.2,stratified,none,True,,,location-scale
0,qrf_cqr,RF-Leaf QRF+CQR,VSH,42,128,32,0.025419689999999995,0.052752229028274616,0.03893381173596559,0.8830057942535001,0.9437796304436664,0.9453125,0.246187663671875,0.07020967410414077,0.2851876209269281,0.293694912734375,,,,,,,,,,
1,qrf_cqr,RF-Leaf QRF+CQR,VSH,42,128,32,0.0,0.07026057334091944,0.059821097708514015,0.9171291449428404,0.9858744112330724,0.96875,0.212695971875,0.057079324766968954,0.26836109900809074,0.24282392500000002,,,,,,,,,,
2,qrf_cqr,RF-Leaf QRF+CQR,VSH,42,128,32,0.0,0.07594621133695631,0.05109015907092911,0.9397781484730273,0.97346992689998,0.96875,0.273290828125,0.12922997715051687,0.47286613325862736,0.341853328125,,,,,,,,,,
3,qrf_cqr,RF-Leaf QRF+CQR,VSH,42,128,32,0.0,0.0573089940289145,0.04048292914775001,0.9407319861158251,0.9756487941797265,0.9453125,0.19043112023437503,0.06577421494603217,0.3453963557273616,0.222819932734375,,,,,,,,,,
4,qrf_cqr,RF-Leaf QRF+CQR,VSH,42,128,32,0.0,0.05192168940770288,0.03949169312009583,0.947753137435274,0.9946282159691399,0.953125,0.167395654609375,0.07203112369785712,0.43030462090515353,0.17620815460937503,,,,,,,,,,
5,qrf_cqr,RF-Leaf QRF+CQR,VSH,42,128,32,0.02980000000000005,0.06500312746324814,0.04646467733220563,0.9208870613918032,0.9750686148181495,0.9375,0.23345125562500008,0.0696171555684296,0.29820852915118934,0.271107505625,,,,,,,,,,
6,qrf_cqr,RF-Leaf QRF+CQR,VSH,42,128,32,0.0,0.03166438106596364,0.027528248902626378,0.9664177155013847,0.9946909484873138,1.0,0.16536130468750002,0.06425689297619344,0.3885848209629586,0.16536130468750002,,,,,,,,,,
7,qrf_cqr,RF-Leaf QRF+CQR,VSH,42,128,32,0.017000000000000015,0.0653629571488338,0.05421761624531345,0.9384788754387168,0.9771242140417044,0.9375,0.227760360859375,0.08821725791242839,0.38732489525205815,0.24972911085937502,,,,,,,,,,
8,qrf_cqr,RF-Leaf QRF+CQR,VSH,42,128,32,0.0378,0.06244155880306432,0.05172055425593784,0.7158531440959526,0.9353393868048168,0.96875,0.22869433640625,0.10711893293965682,0.46839346624383377,0.23481933640625002,,,,,,,,,,
0,knn_local_cqr,kNN Local RF-CQR,VSH,42,128,32,0.0477994219896835,0.052752229028274616,0.03893381173596559,0.8830057942535001,0.9437796304436662,0.8515625,0.22704075699546838,0.18148357551801772,0.799343597685591,0.29087847589338667,,,,,,,,,,
1,knn_local_cqr,kNN Local RF-CQR,VSH,42,128,32,0.010083978027528043,0.07026057334091941,0.059821097708514,0.9171291449428405,0.9858744112330725,0.78125,0.16645181454631777,0.05808629437146739,0.348967624833576,0.25335391214157865,,,,,,,,,,
2,knn_local_cqr,kNN Local RF-CQR,VSH,42,128,32,0.026695816687500026,0.07594621133695632,0.051090159070929134,0.9397781484730273,0.97346992689998,0.9609375,0.23223423565257728,0.1664621262127075,0.7167854719824129,0.28509405470205373,,,,,,,,,,
3,knn_local_cqr,kNN Local RF-CQR,VSH,42,128,32,0.03637159748974825,0.05730899402891449,0.04048292914775002,0.9407319861158251,0.9756487941797264,0.953125,0.19655230562603573,0.08989449782561802,0.45735661832760716,0.2305209591185784,,,,,,,,,,
4,knn_local_cqr,kNN Local RF-CQR,VSH,42,128,32,0.015111444483298056,0.05192168940770289,0.03949169312009583,0.947753137435274,0.9946282159691398,0.90625,0.15273737555618738,0.09280541541902011,0.6076143123519878,0.1648146728779234,,,,,,,,,,
5,knn_local_cqr,kNN Local RF-CQR,VSH,42,128,32,0.04585613788483148,0.06500312746324814,0.04646467733220563,0.9208870613918032,0.9750686148181498,0.9375,0.21105393967612648,0.13359012289841593,0.6329667340179345,0.23704749588847615,,,,,,,,,,
6,knn_local_cqr,kNN Local RF-CQR,VSH,42,128,32,0.016665249427229273,0.03166438106596363,0.02752824890262637,0.9664177155013847,0.9946909484873134,0.9765625,0.1488574596761402,0.07757202833143848,0.5211161637462244,0.15186518558946144,,,,,,,,,,
7,knn_local_cqr,kNN Local RF-CQR,VSH,42,128,32,0.0596605349227891,0.06536295714883382,0.05421761624531347,0.9384788754387168,0.977124214041704,0.984375,0.24438270580186114,0.06867362220734047,0.28100851892121687,0.2447947052787633,,,,,,,,,,
8,knn_local_cqr,kNN Local RF-CQR,VSH,42,128,32,0.02471101974691907,0.062441558803064325,0.05172055425593784,0.7158531440959526,0.9353393868048168,0.8828125,0.17933938097225355,0.11383076849992561,0.6347226575825915,0.20575200780235403,,,,,,,,,,
0,gr_mondrian_cqr,GR-Mondrian RF-CQR,VSH,42,128,32,0.07395801642227565,0.05275222902827462,0.03893381173596559,0.8830057942535001,0.943779630443666,0.9453125,0.2827856797210585,0.16925881086678823,0.5985409552341765,0.35186600176650495,,,,,,,,,,
1,gr_mondrian_cqr,GR-Mondrian RF-CQR,VSH,42,128,32,0.018500782159587708,0.07026057334091944,0.059821097708514036,0.9171291449428404,0.9858744112330725,0.8671875,0.18263021324826262,0.05582656888529621,0.3056809051052635,0.24109625499163906,,,,,,,,,,
2,gr_mondrian_cqr,GR-Mondrian RF-CQR,VSH,42,128,32,0.06586001318750004,0.07594621133695632,0.05109015907092912,0.9397781484730273,0.9734699268999798,0.96875,0.31460888408603926,0.23387101568003524,0.7433706659602027,0.3314791564617184,,,,,,,,,,
3,gr_mondrian_cqr,GR-Mondrian RF-CQR,VSH,42,128,32,0.01945738502097987,0.057308994028914484,0.04048292914775001,0.9407319861158251,0.9756487941797268,0.921875,0.16537207906836493,0.10576338273019002,0.6395480018514332,0.18628127335463407,,,,,,,,,,
4,gr_mondrian_cqr,GR-Mondrian RF-CQR,VSH,42,128,32,0.02963450773351954,0.051921689407702885,0.03949169312009583,0.947753137435274,0.9946282159691398,0.9140625,0.18178350205663035,0.1122342463428082,0.6174061181187073,0.20021442442881499,,,,,,,,,,
5,gr_mondrian_cqr,GR-Mondrian RF-CQR,VSH,42,128,32,0.07871370083924194,0.06500312746324814,0.04646467733220563,0.9208870613918032,0.9750686148181497,0.984375,0.27652818357624975,0.14722328602162332,0.5323988467201862,0.2817789183714179,,,,,,,,,,
6,gr_mondrian_cqr,GR-Mondrian RF-CQR,VSH,42,128,32,0.022268981276475752,0.03166438106596362,0.027528248902626368,0.9664177155013847,0.9946909484873134,0.9453125,0.16006492337463316,0.08953732412048768,0.5593812949944373,0.1717806159287758,,,,,,,,,,
7,gr_mondrian_cqr,GR-Mondrian RF-CQR,VSH,42,128,32,0.04891532954545458,0.0653629571488338,0.05421761624531345,0.9384788754387168,0.9771242140417041,0.953125,0.2234768945300339,0.08787634725934591,0.3932234132935648,0.22905720245414107,,,,,,,,,,
8,gr_mondrian_cqr,GR-Mondrian RF-CQR,VSH,42,128,32,0.03627866751217533,0.06244155880306431,0.05172055425593784,0.7158531440959527,0.9353393868048165,0.953125,0.20074423884757908,0.11106385497253937,0.5532604851333633,0.20890644485547322,,,,,,,,,,
0,global_rf_cqr,Global RF-CQR,VSH,42,128,32,0.03773420059523813,0.05275222902827462,0.03893381173596558,0.8830057942535001,0.9437796304436662,0.921875,0.21135204893605442,0.06075353517288746,0.2874518391409999,0.27113162167649,LOWO_LOCAL_CAL,0.1,0.9,0.2,stratified,none,True,,,cqr_signed
1,global_rf_cqr,Global RF-CQR,VSH,42,128,32,0.014378529411764707,0.07026057334091944,0.059821097708514015,0.9171291449428404,0.985874411233072,0.8515625,0.17453538496386045,0.05351779729822083,0.30663006993855313,0.2449393600215472,LOWO_LOCAL_CAL,0.1,0.9,0.2,stratified,none,True,,,cqr_signed
2,global_rf_cqr,Global RF-CQR,VSH,42,128,32,0.01403289733333346,0.07594621133695632,0.05109015907092914,0.9397781484730273,0.9734699268999798,0.953125,0.2188835620802809,0.09782432710213466,0.4469240456999471,0.30678613731176413,LOWO_LOCAL_CAL,0.1,0.9,0.2,stratified,none,True,,,cqr_signed
3,global_rf_cqr,Global RF-CQR,VSH,42,128,32,0.0319239890909091,0.05730899402891451,0.04048292914775002,0.9407319861158251,0.9756487941797266,0.9296875,0.19415575718056943,0.053071479786888365,0.273344867839951,0.23437610911839946,LOWO_LOCAL_CAL,0.1,0.9,0.2,stratified,none,True,,,cqr_signed
4,global_rf_cqr,Global RF-CQR,VSH,42,128,32,0.015614628770053512,0.051921689407702906,0.03949169312009583,0.947753137435274,0.9946282159691399,0.90625,0.15374374412969827,0.061084791175594705,0.39731562101195844,0.2094013068245301,LOWO_LOCAL_CAL,0.1,0.9,0.2,stratified,none,True,,,cqr_signed
5,global_rf_cqr,Global RF-CQR,VSH,42,128,32,0.05410403791666668,0.06500312746324816,0.046464677332205634,0.9208870613918032,0.9750686148181498,0.9296875,0.22681489516627817,0.04716444816347692,0.20794246395899452,0.279567572717722,LOWO_LOCAL_CAL,0.1,0.9,0.2,stratified,none,True,,,cqr_signed
6,global_rf_cqr,Global RF-CQR,VSH,42,128,32,0.0038729882142857774,0.03166438106596362,0.027528248902626368,0.9664177155013847,0.9946909484873137,0.9609375,0.1232729372502532,0.042517482601616696,0.3449052448170603,0.1312777178692155,LOWO_LOCAL_CAL,0.1,0.9,0.2,stratified,none,True,,,cqr_signed
7,global_rf_cqr,Global RF-CQR,VSH,42,128,32,0.058523749999999986,0.0653629571488338,0.05421761624531345,0.9384788754387168,0.9771242140417041,0.9453125,0.2417568855422204,0.05732540311779086,0.23712004309295898,0.24659168567555667,LOWO_LOCAL_CAL,0.1,0.9,0.2,stratified,none,True,,,cqr_signed
8,global_rf_cqr,Global RF-CQR,VSH,42,128,32,0.04777521323529413,0.06244155880306433,0.05172055425593785,0.7158531440959526,0.9353393868048168,0.921875,0.2178424502332271,0.09391791314471033,0.4311276936343659,0.23241313618280351,LOWO_LOCAL_CAL,0.1,0.9,0.2,stratified,none,True,,,cqr_signed
0,wl_pcqr,WL-PCQR,VSH,42,128,32,0.03773420059523813,0.05275222902827462,0.03893381173596559,0.8830057942535001,0.943779630443666,0.921875,0.21135204893605442,0.06075353517288746,0.2874518391409999,0.27113162167649,LOWO_LOCAL_CAL,0.1,0.9,0.2,stratified,none,True,,,uniform
1,wl_pcqr,WL-PCQR,VSH,42,128,32,-0.026944653735311172,0.03961479507137634,0.024288403778463447,0.973655299334453,0.9868242703941882,0.8125,0.09278767675794401,0.06310890368637162,0.6801431600772195,0.20390644892806004,LOWO_LOCAL_CAL,0.1,0.9,0.2,stratified,none,True,,,location-scale
2,wl_pcqr,WL-PCQR,VSH,42,128,32,0.01403289733333346,0.07594621133695631,0.051090159070929134,0.9397781484730273,0.9734699268999802,0.953125,0.2188835620802809,0.09782432710213466,0.4469240456999471,0.30678613731176413,LOWO_LOCAL_CAL,0.1,0.9,0.2,stratified,none,True,,,uniform
3,wl_pcqr,WL-PCQR,VSH,42,128,32,-0.0023282039295410718,0.028752702577892968,0.02045192533713718,0.9850812599201503,0.9938120688312269,0.953125,0.11755094885780015,0.06978957858575982,0.5936964291984012,0.1272306209104887,LOWO_LOCAL_CAL,0.1,0.9,0.2,stratified,none,True,,,location-scale
4,wl_pcqr,WL-PCQR,VSH,42,128,32,-0.027177395046084865,0.015457419863921937,0.011304462964118737,0.9953694071851438,0.9977488588548405,0.84375,0.06552138562880724,0.061490109985224445,0.9384738951276024,0.08974052637951258,LOWO_LOCAL_CAL,0.1,0.9,0.2,stratified,none,True,,,location-scale
5,wl_pcqr,WL-PCQR,VSH,42,128,32,0.01887591866924771,0.06500312746324814,0.04646467733220563,0.9208870613918032,0.9750686148181495,0.9140625,0.15661633883467763,0.0957675029836298,0.6114783661538714,0.19888347644363982,LOWO_LOCAL_CAL,0.1,0.9,0.2,stratified,none,True,,,scale
6,wl_pcqr,WL-PCQR,VSH,42,128,32,-0.02043722455709406,0.022379264030781384,0.012587813869747971,0.9832251042478873,0.9937791781465634,0.921875,0.07457076375144964,0.06313546277931775,0.8466516849653483,0.08520374548658508,LOWO_LOCAL_CAL,0.1,0.9,0.2,stratified,none,True,,,location-scale
7,wl_pcqr,WL-PCQR,VSH,42,128,32,0.04261806637750832,0.06536295714883383,0.054217616245313474,0.9384788754387168,0.9771242140417041,0.9609375,0.2107364496030817,0.09234683710196956,0.4382100831436762,0.2299635386073009,LOWO_LOCAL_CAL,0.1,0.9,0.2,stratified,none,True,,,scale
8,wl_pcqr,WL-PCQR,VSH,42,128,32,0.01668808390186139,0.062441558803064325,0.05172055425593784,0.7158531440959526,0.9353393868048168,0.9296875,0.16362807430663606,0.11897722409715913,0.727119869871462,0.18700880572389722,LOWO_LOCAL_CAL,0.1,0.9,0.2,stratified,none,True,,,scale
0,qrf_cqr,RF-Leaf QRF+CQR,VSH,7,128,32,0.025819689999999992,0.053201896320872535,0.0392563872674736,0.8810027437797414,0.9439750428870641,0.9453125,0.24651516124999998,0.06934360296975595,0.2812954895680111,0.2897567853125,,,,,,,,,,
1,qrf_cqr,RF-Leaf QRF+CQR,VSH,7,128,32,0.0,0.07120671170408036,0.06002145354531829,0.9148822171705935,0.9855898071127834,0.9609375,0.2109373546875,0.05390675667610702,0.2555581336267772,0.24347213593750006,,,,,,,,,,
2,qrf_cqr,RF-Leaf QRF+CQR,VSH,7,128,32,0.0,0.07869656280444356,0.052883730022144776,0.9353373639096788,0.9724744505743137,0.9765625,0.286981471875,0.1430765317143574,0.49855668653297935,0.358231471875,,,,,,,,,,
3,qrf_cqr,RF-Leaf QRF+CQR,VSH,7,128,32,0.0,0.05656723890694037,0.04140223299109995,0.9422562790962055,0.9771104692964553,0.9609375,0.18947090296875002,0.06534140213235111,0.34486246230181344,0.21981501234375,,,,,,,,,,
4,qrf_cqr,RF-Leaf QRF+CQR,VSH,7,128,32,0.0,0.0523248939876589,0.039720698486302664,0.946938527180361,0.9950369898146829,0.953125,0.171157477265625,0.0802055971314977,0.4686070302790451,0.18348560226562502,,,,,,,,,,
5,qrf_cqr,RF-Leaf QRF+CQR,VSH,7,128,32,0.02100000000000002,0.0643724336770356,0.046554896191960515,0.922414802662331,0.975356038628842,0.921875,0.22114783718750006,0.07392443175912868,0.33427607838846685,0.2727606965625,,,,,,,,,,
6,qrf_cqr,RF-Leaf QRF+CQR,VSH,7,128,32,0.0,0.030761401269890628,0.02662661285921869,0.9683057514391801,0.9951791667845505,1.0,0.1621524571875,0.06130140176451232,0.37804793604594183,0.1621524571875,,,,,,,,,,
7,qrf_cqr,RF-Leaf QRF+CQR,VSH,7,128,32,0.013000000000000012,0.06517891970277617,0.05322609083981329,0.9388248283033299,0.977357811222369,0.8984375,0.21508339296875,0.08941487708741999,0.41572190141342663,0.24601112734375002,,,,,,,,,,
8,qrf_cqr,RF-Leaf QRF+CQR,VSH,7,128,32,0.03950000000000001,0.06103409555006368,0.04949976838908797,0.7285183945817343,0.9356415544856143,0.9375,0.2427695396875,0.11036715898577037,0.45461699654675863,0.25339453968750003,,,,,,,,,,
0,knn_local_cqr,kNN Local RF-CQR,VSH,7,128,32,0.04725234344095507,0.05320189632087253,0.039256387267473596,0.8810027437797414,0.9439750428870639,0.8671875,0.2246099704149464,0.181033401190235,0.8059900495770171,0.28300457538885404,,,,,,,,,,
1,knn_local_cqr,kNN Local RF-CQR,VSH,7,128,32,0.016746670208216023,0.07120671170408038,0.06002145354531832,0.9148822171705934,0.9855898071127837,0.7890625,0.17512256782419316,0.07029455266635098,0.4014020211085541,0.2820704592286846,,,,,,,,,,
2,knn_local_cqr,kNN Local RF-CQR,VSH,7,128,32,0.02994137095063758,0.07869656280444362,0.052883730022144804,0.9353373639096787,0.9724744505743134,0.9375,0.26237167263557587,0.1810305161308011,0.6899773680302961,0.31326547331659577,,,,,,,,,,
3,knn_local_cqr,kNN Local RF-CQR,VSH,7,128,32,0.0389031041089238,0.05656723890694041,0.04140223299109996,0.9422562790962055,0.9771104692964548,0.9609375,0.1968184760014024,0.08226516312435053,0.41797479990529124,0.2294775897935019,,,,,,,,,,
4,knn_local_cqr,kNN Local RF-CQR,VSH,7,128,32,0.012697051504979398,0.0523248939876589,0.03972069848630266,0.946938527180361,0.9950369898146827,0.90625,0.14524765635719078,0.08833379753237455,0.6081598818720039,0.1522680205714743,,,,,,,,,,
5,knn_local_cqr,kNN Local RF-CQR,VSH,7,128,32,0.04679363690872278,0.0643724336770356,0.046554896191960515,0.922414802662331,0.975356038628842,0.9453125,0.22042285620514004,0.14235553334078938,0.645829274656998,0.2463695852817926,,,,,,,,,,
6,knn_local_cqr,kNN Local RF-CQR,VSH,7,128,32,0.020202185767964106,0.030761401269890624,0.02662661285921869,0.9683057514391801,0.9951791667845505,0.96875,0.1559521453688772,0.08758607011083402,0.5616214506293882,0.15826627430306134,,,,,,,,,,
7,knn_local_cqr,kNN Local RF-CQR,VSH,7,128,32,0.0501874323176868,0.06517891970277617,0.05322609083981328,0.9388248283033299,0.977357811222369,0.953125,0.22389116115604413,0.057824845941705276,0.25827212491610346,0.2322990511341262,,,,,,,,,,
8,knn_local_cqr,kNN Local RF-CQR,VSH,7,128,32,0.024345180802911218,0.06103409555006367,0.04949976838908797,0.7285183945817344,0.9356415544856141,0.890625,0.18253186048521652,0.10658147114995259,0.5839061239316341,0.2103775112156312,,,,,,,,,,
0,gr_mondrian_cqr,GR-Mondrian RF-CQR,VSH,7,128,32,0.07274641749438318,0.053201896320872515,0.03925638726747359,0.8810027437797414,0.9439750428870641,0.9375,0.27905127641141875,0.1706493488080259,0.611534019849561,0.34722441413663546,,,,,,,,,,
1,gr_mondrian_cqr,GR-Mondrian RF-CQR,VSH,7,128,32,0.03699358578904825,0.07120671170408036,0.06002145354531828,0.9148822171705935,0.9855898071127834,0.9140625,0.21389349230282484,0.0702793628485501,0.3285717676209167,0.2610045109530685,,,,,,,,,,
2,gr_mondrian_cqr,GR-Mondrian RF-CQR,VSH,7,128,32,0.06672538114783655,0.07869656280444359,0.052883730022144804,0.9353373639096788,0.9724744505743134,0.953125,0.3386963002115321,0.24580081752398145,0.7257263140178002,0.34578653652495817,,,,,,,,,,
3,gr_mondrian_cqr,GR-Mondrian RF-CQR,VSH,7,128,32,0.024215811089079463,0.05656723890694043,0.04140223299109998,0.9422562790962054,0.977110469296455,0.9453125,0.17060562962710402,0.0993748387644146,0.5824827643825123,0.18003359807617414,,,,,,,,,,
4,gr_mondrian_cqr,GR-Mondrian RF-CQR,VSH,7,128,32,0.03335025206455818,0.05232489398765889,0.03972069848630265,0.946938527180361,0.9950369898146827,0.953125,0.18655405747634832,0.10101787102808495,0.5414938296954072,0.1972581816149242,,,,,,,,,,
5,gr_mondrian_cqr,GR-Mondrian RF-CQR,VSH,7,128,32,0.08112365029013954,0.0643724336770356,0.04655489619196052,0.922414802662331,0.975356038628842,0.984375,0.2887122796664612,0.15970830448031198,0.5531746161431623,0.28991741673642246,,,,,,,,,,
6,gr_mondrian_cqr,GR-Mondrian RF-CQR,VSH,7,128,32,0.026803908227914737,0.030761401269890628,0.02662661285921869,0.9683057514391801,0.9951791667845505,0.9375,0.16915559028877847,0.10218155312104259,0.6040684375053796,0.17955932895567772,,,,,,,,,,
7,gr_mondrian_cqr,GR-Mondrian RF-CQR,VSH,7,128,32,0.04217120879584982,0.06517891970277616,0.05322609083981328,0.9388248283033299,0.9773578112223689,0.9375,0.20850660605803462,0.07655261809148023,0.3671472071737285,0.21910588301248385,,,,,,,,,,
8,gr_mondrian_cqr,GR-Mondrian RF-CQR,VSH,7,128,32,0.03282278619100339,0.061034095550063686,0.04949976838908798,0.7285183945817342,0.9356415544856143,0.9375,0.1987099594866537,0.10347306339922631,0.5207240928765628,0.21403973232179424,,,,,,,,,,
0,global_rf_cqr,Global RF-CQR,VSH,7,128,32,0.04457233705882353,0.05320189632087254,0.0392563872674736,0.8810027437797414,0.9439750428870641,0.9453125,0.22347786083549126,0.05803385951848809,0.2596850502395338,0.27233867290468766,LOWO_LOCAL_CAL,0.1,0.9,0.2,stratified,none,True,,,cqr_signed
1,global_rf_cqr,Global RF-CQR,VSH,7,128,32,0.015461343809523798,0.07120671170408037,0.06002145354531831,0.9148822171705935,0.9855898071127834,0.8359375,0.1721316076489499,0.04970734831415618,0.28877525164077217,0.27278036266267125,LOWO_LOCAL_CAL,0.1,0.9,0.2,stratified,none,True,,,cqr_signed
2,global_rf_cqr,Global RF-CQR,VSH,7,128,32,0.015274025641025646,0.0786965628044436,0.052883730022144804,0.9353373639096787,0.9724744505743131,0.9453125,0.2449912938153229,0.12543794700292088,0.5120098149180655,0.32432642626082014,LOWO_LOCAL_CAL,0.1,0.9,0.2,stratified,none,True,,,cqr_signed
3,global_rf_cqr,Global RF-CQR,VSH,7,128,32,0.040127758666666735,0.05656723890694039,0.04140223299109996,0.9422562790962055,0.9771104692964548,0.9609375,0.20653284228819344,0.0412264647567724,0.19961215030026794,0.235820148430755,LOWO_LOCAL_CAL,0.1,0.9,0.2,stratified,none,True,,,cqr_signed
4,global_rf_cqr,Global RF-CQR,VSH,7,128,32,0.026183186274509856,0.05232489398765889,0.03972069848630265,0.946938527180361,0.9950369898146827,0.9296875,0.17219380586092242,0.05802684640596718,0.3369856779449682,0.20474500548843688,LOWO_LOCAL_CAL,0.1,0.9,0.2,stratified,none,True,,,cqr_signed
5,global_rf_cqr,Global RF-CQR,VSH,7,128,32,0.06009094848214286,0.06437243367703563,0.046554896191960536,0.9224148026623309,0.9753560386288421,0.9375,0.24590164604081088,0.05680228974320638,0.2309959719984112,0.29952512614833365,LOWO_LOCAL_CAL,0.1,0.9,0.2,stratified,none,True,,,cqr_signed
6,global_rf_cqr,Global RF-CQR,VSH,7,128,32,0.0038971637500000433,0.030761401269890628,0.02662661285921869,0.9683057514391801,0.9951791667845505,0.9375,0.12334210133294907,0.04690206879651082,0.3802600108936332,0.13203969781234842,LOWO_LOCAL_CAL,0.1,0.9,0.2,stratified,none,True,,,cqr_signed
7,global_rf_cqr,Global RF-CQR,VSH,7,128,32,0.046792240481366654,0.06517891970277619,0.05322609083981329,0.9388248283033299,0.9773578112223689,0.90625,0.21726989988502196,0.058526194940800996,0.26937092975958815,0.23859401854047593,LOWO_LOCAL_CAL,0.1,0.9,0.2,stratified,none,True,,,cqr_signed
8,global_rf_cqr,Global RF-CQR,VSH,7,128,32,0.04667042499999999,0.061034095550063686,0.04949976838908798,0.7285183945817342,0.9356415544856143,0.9375,0.22001305037706226,0.08999042245103066,0.40902311156907956,0.2362314071756888,LOWO_LOCAL_CAL,0.1,0.9,0.2,stratified,none,True,,,cqr_signed
0,wl_pcqr,WL-PCQR,VSH,7,128,32,0.04457233705882353,0.05320189632087251,0.03925638726747359,0.8810027437797415,0.9439750428870644,0.9453125,0.22347786083549126,0.05803385951848809,0.2596850502395338,0.27233867290468766,LOWO_LOCAL_CAL,0.1,0.9,0.2,stratified,none,True,,,uniform
1,wl_pcqr,WL-PCQR,VSH,7,128,32,-0.02377151370623342,0.03918494654046861,0.02374236639151814,0.9742239148177761,0.987098915527773,0.7890625,0.09463222660553072,0.06527890041554425,0.6898168072030662,0.19161965395230535,LOWO_LOCAL_CAL,0.1,0.9,0.2,stratified,none,True,,,location-scale
2,wl_pcqr,WL-PCQR,VSH,7,128,32,0.015274025641025646,0.07869656280444362,0.05288373002214481,0.9353373639096787,0.9724744505743131,0.9453125,0.2449912938153229,0.12543794700292088,0.5120098149180655,0.32432642626082014,LOWO_LOCAL_CAL,0.1,0.9,0.2,stratified,none,True,,,uniform
3,wl_pcqr,WL-PCQR,VSH,7,128,32,0.011650856427131717,0.026059426201199568,0.018176620327301704,0.9877452487216135,0.994508330448453,0.9765625,0.14238609028406227,0.06618609899424611,0.4648354264254599,0.14487193815925492,LOWO_LOCAL_CAL,0.1,0.9,0.2,stratified,none,True,,,location-scale
4,wl_pcqr,WL-PCQR,VSH,7,128,32,-0.013291830290697054,0.015133700169968796,0.01128220155939354,0.9955613302124994,0.9979049824413294,0.96875,0.08994465007121481,0.054274504530131995,0.6034211538669556,0.09415809158568074,LOWO_LOCAL_CAL,0.1,0.9,0.2,stratified,none,True,,,location-scale
5,wl_pcqr,WL-PCQR,VSH,7,128,32,0.02558181402673753,0.06437243367703563,0.04655489619196053,0.9224148026623309,0.975356038628842,0.921875,0.17721423716978005,0.09855348027001372,0.5561261998131368,0.19489337162565626,LOWO_LOCAL_CAL,0.1,0.9,0.2,stratified,none,True,,,scale
6,wl_pcqr,WL-PCQR,VSH,7,128,32,-0.010565150672480447,0.024249804502968465,0.01358144582791775,0.9803036971573448,0.9932435624257816,0.9296875,0.09373411584905476,0.0985483679422813,1.0513607244237435,0.1083388697692787,LOWO_LOCAL_CAL,0.1,0.9,0.2,stratified,none,True,,,location-scale
7,wl_pcqr,WL-PCQR,VSH,7,128,32,0.016581774539667797,0.06299817868676078,0.037940069445877876,0.942849916573132,0.9732639034470895,0.8984375,0.1569063386978023,0.11123791758770712,0.7089447023676244,0.2985288239103091,LOWO_LOCAL_CAL,0.1,0.9,0.2,stratified,none,True,,,location-scale
8,wl_pcqr,WL-PCQR,VSH,7,128,32,-0.009920879849260864,0.028928145003699744,0.017632712185663615,0.9390131006713732,0.971478794451411,0.890625,0.11875909518542682,0.10545911918564625,0.8880087796306094,0.18101024603873353,LOWO_LOCAL_CAL,0.1,0.9,0.2,stratified,none,True,,,location-scale
0,qrf_cqr,RF-Leaf QRF+CQR,VSH,123,128,32,0.025419689999999995,0.053513708881196005,0.03957753033569648,0.8796037871210894,0.9429951321507074,0.9453125,0.24312766125000002,0.0667145641205569,0.2744013732438143,0.2821192853125,,,,,,,,,,
1,qrf_cqr,RF-Leaf QRF+CQR,VSH,123,128,32,0.0,0.07088428162804457,0.059941552008907224,0.9156513131431083,0.9858970151357078,0.96875,0.2120847953125,0.05434652383981032,0.2562490335987193,0.2413448734375,,,,,,,,,,
2,qrf_cqr,RF-Leaf QRF+CQR,VSH,123,128,32,0.0,0.0800146055290177,0.05325961840901458,0.9331532320507475,0.9727235455595656,0.9765625,0.3138320015625,0.16955367585589598,0.540268917802282,0.3798945015625,,,,,,,,,,
3,qrf_cqr,RF-Leaf QRF+CQR,VSH,123,128,32,0.0,0.05645905817688711,0.040114222905222256,0.9424769292381925,0.9766382738523782,0.9453125,0.188927036640625,0.06798320563833234,0.35983841617994183,0.216530083515625,,,,,,,,,,
4,qrf_cqr,RF-Leaf QRF+CQR,VSH,123,128,32,0.0,0.05198307859542185,0.0394036429319555,0.9476295170905769,0.9949884154280447,0.953125,0.17284455984375002,0.08225688236616635,0.47590090449202366,0.18342268484375002,,,,,,,,,,
5,qrf_cqr,RF-Leaf QRF+CQR,VSH,123,128,32,0.021301800000000037,0.06419840560810446,0.04673395036529249,0.9228337320164981,0.9754195577442248,0.921875,0.21762474226562506,0.07085772423183151,0.32559590189127063,0.264748695390625,,,,,,,,,,
6,qrf_cqr,RF-Leaf QRF+CQR,VSH,123,128,32,0.0,0.03185424387036258,0.027786778256602574,0.9660137826187233,0.9949512685072777,1.0,0.165039179296875,0.06316597983950414,0.38273324012282084,0.165039179296875,,,,,,,,,,
7,qrf_cqr,RF-Leaf QRF+CQR,VSH,123,128,32,0.009970299999999988,0.0658172378204267,0.053903909497194785,0.9376207447926191,0.9773397397086627,0.890625,0.21574533804687496,0.09710044251741759,0.45006971365620235,0.24797630679687505,,,,,,,,,,
8,qrf_cqr,RF-Leaf QRF+CQR,VSH,123,128,32,0.03609999999999999,0.06171923118359902,0.049563941868321276,0.7223891746030223,0.9322400635275682,0.9453125,0.24729015390624998,0.1108626863312639,0.44831015137502395,0.25825890390625,,,,,,,,,,
0,knn_local_cqr,kNN Local RF-CQR,VSH,123,128,32,0.04530085574411394,0.05351370888119602,0.03957753033569648,0.8796037871210893,0.9429951321507078,0.875,0.22116248359110327,0.1827432099237221,0.8262848515555073,0.27278821733709346,,,,,,,,,,
1,knn_local_cqr,kNN Local RF-CQR,VSH,123,128,32,0.013567844140128963,0.07088428162804455,0.059941552008907203,0.9156513131431083,0.9858970151357078,0.8125,0.16654700119962096,0.06003773822818137,0.36048525518763896,0.26736718620823197,,,,,,,,,,
2,knn_local_cqr,kNN Local RF-CQR,VSH,123,128,32,0.030926762400924308,0.0800146055290177,0.05325961840901458,0.9331532320507475,0.9727235455595659,0.9296875,0.2875001408156127,0.1996009819756716,0.694263945086848,0.3387761689350539,,,,,,,,,,
3,knn_local_cqr,kNN Local RF-CQR,VSH,123,128,32,0.035473415291668725,0.056459058176887074,0.040114222905222235,0.9424769292381926,0.9766382738523781,0.953125,0.18821101651803346,0.0799114006774365,0.42458407672315923,0.22507717309859582,,,,,,,,,,
4,knn_local_cqr,kNN Local RF-CQR,VSH,123,128,32,0.009593237814764231,0.05198307859542185,0.03940364293195551,0.9476295170905769,0.9949884154280444,0.890625,0.1424637238387241,0.09193974697345612,0.6453554946909601,0.15775249147781156,,,,,,,,,,
5,knn_local_cqr,kNN Local RF-CQR,VSH,123,128,32,0.04358029815210361,0.06419840560810444,0.04673395036529248,0.9228337320164982,0.9754195577442251,0.921875,0.2090093366630782,0.1303177014487089,0.6235018182885307,0.23180642004788332,,,,,,,,,,
6,knn_local_cqr,kNN Local RF-CQR,VSH,123,128,32,0.020083127240459728,0.031854243870362585,0.027786778256602584,0.9660137826187232,0.9949512685072783,0.9609375,0.15690079368332133,0.09116446165306721,0.5810325079493722,0.16000203529586357,,,,,,,,,,
7,knn_local_cqr,kNN Local RF-CQR,VSH,123,128,32,0.04603658423787088,0.06581723782042669,0.053903909497194785,0.9376207447926191,0.9773397397086628,0.9140625,0.2189901769370205,0.07806286461987501,0.3564674256705366,0.23487230464045922,,,,,,,,,,
8,knn_local_cqr,kNN Local RF-CQR,VSH,123,128,32,0.024323434328834787,0.06171923118359899,0.04956394186832126,0.7223891746030224,0.9322400635275685,0.90625,0.18887251618644846,0.11852124325904229,0.6275197982857506,0.2112135432467662,,,,,,,,,,
0,gr_mondrian_cqr,GR-Mondrian RF-CQR,VSH,123,128,32,0.07386987219302399,0.053513708881196005,0.03957753033569648,0.8796037871210894,0.942995132150708,0.953125,0.2815157416343047,0.17287619530050916,0.6140906874226566,0.34170792877875256,,,,,,,,,,
1,gr_mondrian_cqr,GR-Mondrian RF-CQR,VSH,123,128,32,0.03052737759711134,0.07088428162804455,0.05994155200890721,0.9156513131431083,0.9858970151357078,0.8828125,0.19910526736186024,0.06539851923906163,0.32846202466459257,0.2511265505703532,,,,,,,,,,
2,gr_mondrian_cqr,GR-Mondrian RF-CQR,VSH,123,128,32,0.06788808052609496,0.08001460552901767,0.053259618409014574,0.9331532320507475,0.9727235455595656,0.9453125,0.36471208973249675,0.25869173657385286,0.7093039793761539,0.3679587044038408,,,,,,,,,,
3,gr_mondrian_cqr,GR-Mondrian RF-CQR,VSH,123,128,32,0.02796491975615529,0.05645905817688708,0.04011422290522225,0.9424769292381926,0.976638273852378,0.9765625,0.17563438322525665,0.09413219696072414,0.5359554048138548,0.18116434921932895,,,,,,,,,,
4,gr_mondrian_cqr,GR-Mondrian RF-CQR,VSH,123,128,32,0.026885768922697444,0.05198307859542186,0.039403642931955515,0.9476295170905769,0.9949884154280446,0.953125,0.17704878605459054,0.09891092373360173,0.558664794815955,0.188001469984392,,,,,,,,,,
5,gr_mondrian_cqr,GR-Mondrian RF-CQR,VSH,123,128,32,0.07367229984662962,0.06419840560810446,0.046733950365292494,0.9228337320164981,0.9754195577442251,0.9765625,0.2690887320631825,0.14579652238494492,0.5418157842102123,0.2732930731739458,,,,,,,,,,
6,gr_mondrian_cqr,GR-Mondrian RF-CQR,VSH,123,128,32,0.02811637813664362,0.03185424387036259,0.027786778256602584,0.9660137826187232,0.994951268507278,0.9375,0.1729672954756891,0.10361542286460827,0.599046325952247,0.18161878041984764,,,,,,,,,,
7,gr_mondrian_cqr,GR-Mondrian RF-CQR,VSH,123,128,32,0.03962497798129671,0.06581723782042669,0.053903909497194785,0.9376207447926191,0.9773397397086627,0.9140625,0.20636053887298975,0.09442236755652864,0.4575601908785646,0.226404358899166,,,,,,,,,,
8,gr_mondrian_cqr,GR-Mondrian RF-CQR,VSH,123,128,32,0.03393315050925027,0.06171923118359899,0.04956394186832127,0.7223891746030224,0.9322400635275684,0.9609375,0.20690933134694936,0.11404445441706092,0.5511808175815381,0.21282527538157647,,,,,,,,,,
0,global_rf_cqr,Global RF-CQR,VSH,123,128,32,0.035515216315789466,0.05351370888119602,0.03957753033569647,0.8796037871210893,0.9429951321507078,0.9296875,0.205858758648671,0.054140860473411864,0.263000033755238,0.2602017595350734,LOWO_LOCAL_CAL,0.1,0.9,0.2,stratified,none,True,,,cqr_signed
1,global_rf_cqr,Global RF-CQR,VSH,123,128,32,0.019537707840909246,0.07088428162804458,0.05994155200890723,0.9156513131431082,0.9858970151357078,0.8828125,0.17793534194273256,0.03850556476023276,0.21640200501947246,0.25583305059470274,LOWO_LOCAL_CAL,0.1,0.9,0.2,stratified,none,True,,,cqr_signed
2,global_rf_cqr,Global RF-CQR,VSH,123,128,32,0.011144318181818103,0.08001460552901771,0.053259618409014595,0.9331532320507474,0.972723545559566,0.953125,0.26002986333468514,0.14154419546978828,0.5443382296732832,0.34263421710825165,LOWO_LOCAL_CAL,0.1,0.9,0.2,stratified,none,True,,,cqr_signed
3,global_rf_cqr,Global RF-CQR,VSH,123,128,32,0.03527654222222221,0.05645905817688708,0.04011422290522225,0.9424769292381926,0.9766382738523783,0.953125,0.1944086457479176,0.042191622354730215,0.21702544242522273,0.22603863347791386,LOWO_LOCAL_CAL,0.1,0.9,0.2,stratified,none,True,,,cqr_signed
4,global_rf_cqr,Global RF-CQR,VSH,123,128,32,0.010438121904761927,0.05198307859542184,0.0394036429319555,0.9476295170905769,0.9949884154280446,0.90625,0.14461898160748415,0.06690512356871982,0.46263030499211744,0.19031260597319305,LOWO_LOCAL_CAL,0.1,0.9,0.2,stratified,none,True,,,cqr_signed
5,global_rf_cqr,Global RF-CQR,VSH,123,128,32,0.05454032547430837,0.06419840560810446,0.04673395036529249,0.9228337320164981,0.9754195577442248,0.921875,0.22996039315633784,0.051884456067063496,0.22562344478072802,0.2854236166842995,LOWO_LOCAL_CAL,0.1,0.9,0.2,stratified,none,True,,,cqr_signed
6,global_rf_cqr,Global RF-CQR,VSH,123,128,32,-0.0041447222222222024,0.031854243870362585,0.027786778256602584,0.9660137826187232,0.994951268507278,0.90625,0.10844509475795747,0.043790841180040056,0.4038065647669765,0.12454924756682888,LOWO_LOCAL_CAL,0.1,0.9,0.2,stratified,none,True,,,cqr_signed
7,global_rf_cqr,Global RF-CQR,VSH,123,128,32,0.04650541666666669,0.0658172378204267,0.053903909497194785,0.9376207447926191,0.9773397397086627,0.890625,0.21971501483446187,0.06867499131800112,0.31256394274984967,0.2365430913956309,LOWO_LOCAL_CAL,0.1,0.9,0.2,stratified,none,True,,,cqr_signed
8,global_rf_cqr,Global RF-CQR,VSH,123,128,32,0.04486763334368529,0.061719231183598997,0.04956394186832126,0.7223891746030224,0.9322400635275684,0.9296875,0.22363184984581108,0.10076165061614077,0.45056932045061365,0.23634099048021767,LOWO_LOCAL_CAL,0.1,0.9,0.2,stratified,none,True,,,cqr_signed
0,wl_pcqr,WL-PCQR,VSH,123,128,32,0.035515216315789466,0.05351370888119601,0.03957753033569647,0.8796037871210893,0.9429951321507078,0.9296875,0.205858758648671,0.054140860473411864,0.263000033755238,0.2602017595350734,LOWO_LOCAL_CAL,0.1,0.9,0.2,stratified,none,True,,,uniform
1,wl_pcqr,WL-PCQR,VSH,123,128,32,-0.029079028863679315,0.03885689668734869,0.02381644343216388,0.9746536944272749,0.9873238986748223,0.765625,0.08202220275304256,0.05370340111556184,0.6547422443317611,0.2056331058390345,LOWO_LOCAL_CAL,0.1,0.9,0.2,stratified,none,True,,,location-scale
2,wl_pcqr,WL-PCQR,VSH,123,128,32,0.011144318181818103,0.08001460552901768,0.053259618409014574,0.9331532320507475,0.9727235455595659,0.953125,0.26002986333468514,0.14154419546978828,0.5443382296732832,0.34263421710825165,LOWO_LOCAL_CAL,0.1,0.9,0.2,stratified,none,True,,,uniform
3,wl_pcqr,WL-PCQR,VSH,123,128,32,0.0033095950245157837,0.028862425931207303,0.019930527815498873,0.9849671796842963,0.9938849478086669,0.953125,0.12442829059982946,0.06567046520448076,0.5277776049795766,0.15436015204000306,LOWO_LOCAL_CAL,0.1,0.9,0.2,stratified,none,True,,,location-scale
4,wl_pcqr,WL-PCQR,VSH,123,128,32,-0.020356335268651563,0.015723444942813063,0.01167431185740092,0.9952086489154178,0.9976409170308232,0.921875,0.07809740257424377,0.05961282869574843,0.7633138456695423,0.09157717394911782,LOWO_LOCAL_CAL,0.1,0.9,0.2,stratified,none,True,,,location-scale
5,wl_pcqr,WL-PCQR,VSH,123,128,32,0.02541721992723755,0.06419840560810446,0.046733950365292494,0.9228337320164981,0.9754195577442247,0.953125,0.1722932455805181,0.09303070431702538,0.5399556088433495,0.18567600915195878,LOWO_LOCAL_CAL,0.1,0.9,0.2,stratified,none,True,,,scale
6,wl_pcqr,WL-PCQR,VSH,123,128,32,-0.009114539319727617,0.018828494128276606,0.011797367905135388,0.9881259354867451,0.9957202292549221,0.9921875,0.09829816229355512,0.0663883403775624,0.6753772281042443,0.09865898486415164,LOWO_LOCAL_CAL,0.1,0.9,0.2,stratified,none,True,,,location-scale
7,wl_pcqr,WL-PCQR,VSH,123,128,32,0.03185138631410062,0.0658172378204267,0.0539039094971948,0.9376207447926191,0.9773397397086628,0.8984375,0.19081957099637287,0.09559777480933068,0.5009851678743572,0.2267396672613969,LOWO_LOCAL_CAL,0.1,0.9,0.2,stratified,none,True,,,scale
8,wl_pcqr,WL-PCQR,VSH,123,128,32,-0.014047982777962497,0.024071906204618326,0.01606493821138249,0.9577704603359403,0.9802613183924465,0.8671875,0.1163240124365169,0.09659493580662294,0.830395494303801,0.16958946381132095,LOWO_LOCAL_CAL,0.1,0.9,0.2,stratified,none,True,,,location-scale
